Transaction_Amount,Time_Since_Last_Tx_Min,Distance_From_Last_Tx_Km,Distance_From_Home_Km,Amount_Ratio_30Day,Tx_Count_Last_24h,Failed_PIN_Attempts_24h,Transaction_Hour,Is_International_Tx,Is_High_Risk_Category,Is_First_Time_Device,Is_Weekend_Tx,Daily_Limit_Used_Pct,Card_Age_Days,Class
2854.51,2.3,1197.0,499.5,9.76,21,2,2,1,1,1,1,82.1,51,1
379.59,285.1,25.2,9.6,0.74,5,0,21,0,0,0,0,37.6,814,0
262.1,572.6,4.2,15.9,0.43,2,0,18,0,0,0,0,54.4,280,0
106.42,28.0,31.0,20.1,0.57,1,1,6,0,0,0,0,15.9,1419,0
439.53,52.7,17.1,11.7,1.65,3,0,14,0,0,0,1,10.4,1043,0
440.39,132.8,42.8,21.7,0.26,1,0,17,1,0,1,0,43.0,992,0
435.94,79.4,21.8,10.4,0.55,5,0,18,0,0,0,0,50.3,160,0
123.2,65.0,9.7,9.1,0.7,5,0,15,0,0,0,0,51.8,1332,0
228.36,53.1,9.6,16.5,1.19,3,0,14,0,1,0,0,40.3,265,0
492.57,108.1,38.5,1.2,1.05,5,0,10,0,0,0,1,50.8,1108,0
387.15,102.8,13.4,2.9,0.55,4,0,12,0,0,1,1,43.5,1423,0
18.45,21.1,38.4,12.8,0.46,3,0,6,0,0,0,0,9.8,754,0
37.28,76.6,10.4,28.3,0.58,4,0,9,0,0,0,0,46.9,450,0
234.65,96.8,16.2,21.8,1.0,5,0,17,0,0,1,0,14.9,1184,0
455.06,101.4,23.3,3.1,0.63,3,0,15,0,0,0,0,18.0,362,0
271.66,28.3,47.2,25.5,1.72,4,0,9,0,0,0,1,26.7,223,0
251.42,162.7,46.6,22.1,0.94,5,0,21,0,0,0,0,22.3,1361,0
57.21,3.1,10.4,18.5,0.29,2,0,10,0,0,0,0,22.7,1031,0
330.11,52.6,18.0,24.7,1.37,2,0,11,0,0,0,1,14.3,1213,0
411.94,181.8,7.6,12.4,0.73,1,0,9,0,0,0,0,21.2,238,0
193.31,99.6,25.5,7.0,1.25,2,0,11,0,0,0,0,6.1,1485,0
388.93,36.3,23.1,15.6,0.65,4,0,15,0,0,0,0,31.0,959,0
482.42,142.5,45.0,16.7,1.11,2,0,12,0,0,0,0,47.3,1216,0
105.86,100.6,46.5,16.4,1.44,3,0,8,0,0,0,1,52.4,233,0
264.05,190.9,19.2,17.2,1.68,3,1,14,0,0,0,0,50.1,1327,0
147.13,159.4,24.6,28.5,0.62,3,0,13,0,0,1,0,27.9,918,0
397.46,113.0,44.8,27.1,0.74,2,0,6,0,0,0,0,45.2,1161,0
290.91,80.4,40.4,26.3,0.94,2,0,18,0,0,0,0,20.8,1117,0
319.12,17.2,0.3,24.1,1.68,1,0,7,0,0,0,1,8.1,556,0
399.97,36.3,16.1,28.3,1.64,5,0,7,0,1,0,0,42.2,537,0
201.01,65.2,21.1,3.4,0.34,1,0,15,0,1,1,1,40.7,779,0
457.97,109.7,11.6,8.3,0.41,4,0,14,0,0,0,1,49.1,746,0
268.85,86.5,10.1,15.1,0.99,3,0,17,0,0,1,1,38.9,721,0
83.19,40.8,2.0,25.5,0.37,2,0,14,0,0,0,1,13.6,1347,0
349.47,0.8,32.2,15.4,0.75,5,0,14,0,0,0,0,51.9,1291,0
397.66,82.3,13.2,22.6,0.44,5,0,6,0,0,0,1,39.5,1230,0
161.8,40.4,2.7,4.6,1.22,2,0,12,0,0,0,0,49.4,123,0
429.3,159.2,11.6,7.9,1.72,1,0,20,0,0,0,0,47.6,908,0
453.54,2.9,40.1,22.1,1.79,5,0,17,0,0,0,0,21.4,1430,0
142.07,105.5,42.6,5.4,0.8,1,0,16,0,0,0,0,9.1,1034,0
491.84,340.6,24.2,10.9,1.16,2,0,18,0,0,0,0,14.7,1481,0
74.65,23.0,20.9,8.3,1.57,1,1,8,0,0,0,0,10.1,469,0
105.0,76.6,48.9,10.8,0.39,3,0,16,0,0,0,0,18.4,1096,0
96.19,11.5,10.1,21.4,1.3,2,0,14,0,0,0,0,30.3,270,0
447.52,117.9,10.8,11.4,0.85,2,0,13,0,1,0,0,54.9,321,0
328.87,96.0,14.7,16.9,0.53,5,0,8,0,0,0,1,53.0,542,0
80.29,62.8,8.7,3.4,0.84,5,0,6,0,1,1,0,44.5,1276,0
222.96,88.4,19.0,24.2,0.32,5,0,14,0,0,0,0,6.3,961,0
309.57,272.3,45.6,11.4,1.31,3,0,18,0,0,0,0,23.8,475,0
46.31,26.2,30.8,19.6,0.6,3,0,15,0,0,1,0,42.5,380,0
441.8,2.7,20.7,21.9,0.7,4,0,6,0,0,0,0,12.1,812,0
402.78,237.4,46.7,6.7,0.39,2,0,20,0,0,0,0,49.1,1342,0
255.08,103.3,2.5,26.6,1.58,5,0,8,0,0,0,0,55.3,1057,0
483.73,265.6,10.6,18.7,0.99,2,0,18,0,0,0,0,24.5,910,0
211.79,109.0,28.3,13.1,1.12,1,0,11,0,0,0,0,43.8,926,0
492.13,199.4,30.8,5.9,1.11,3,1,11,0,0,0,1,13.2,585,0
335.62,67.4,2.1,28.3,0.86,4,0,19,0,0,0,0,43.0,434,0
1025.43,3.2,536.6,188.9,10.41,20,5,22,0,0,1,1,96.7,1,1
87.15,293.1,32.5,6.6,1.39,2,0,15,0,0,0,1,13.3,509,0
441.55,101.9,34.9,10.5,0.4,3,0,9,0,0,0,0,44.0,153,0
216.61,23.9,31.9,24.4,0.37,5,0,21,0,0,0,1,44.2,800,0
85.31,37.6,16.1,21.0,1.34,1,0,7,0,0,0,1,40.3,1198,0
11.24,26.6,4.8,23.1,0.53,3,0,21,0,0,1,0,31.3,448,0
282.08,34.0,21.4,13.5,0.69,2,0,18,0,0,0,0,42.1,1074,0
266.06,43.9,6.5,21.6,0.96,2,0,15,0,0,1,0,47.6,492,0
361.08,97.2,47.4,11.9,0.92,1,0,11,0,0,0,0,58.2,653,0
445.68,106.4,23.8,6.7,1.33,1,0,15,0,0,0,0,53.9,1280,0
44.31,66.7,15.9,19.2,1.2,1,0,10,0,0,0,1,48.7,946,0
367.09,114.7,38.3,29.3,1.23,4,1,18,0,0,0,1,43.2,180,0
97.77,10.2,24.9,9.7,1.34,5,0,11,0,0,1,0,36.6,1331,0
429.8,11.0,15.6,14.1,0.67,3,0,12,0,0,0,1,11.6,925,0
410.44,22.6,40.6,20.4,0.72,2,0,16,0,0,0,1,14.1,1209,0
1796.28,1.7,983.4,592.5,10.74,19,5,4,1,1,1,0,83.1,58,1
356.57,28.9,33.7,25.4,0.69,5,0,14,0,0,0,0,49.2,276,0
160.6,40.0,2.4,23.0,1.78,1,0,17,0,1,0,0,38.8,610,0
238.23,61.4,28.4,2.2,1.5,1,0,17,0,0,1,1,29.1,238,0
411.71,200.5,38.2,30.0,0.46,2,0,19,0,1,0,1,6.4,1225,0
232.34,1.7,6.9,22.7,0.21,5,0,12,0,0,1,0,23.0,572,0
182.11,125.8,11.5,26.0,0.27,2,0,9,0,0,0,0,28.1,641,0
249.64,132.6,44.1,19.7,0.59,1,0,15,0,0,0,1,31.7,293,0
414.98,192.3,1.1,25.8,0.38,3,1,10,0,0,0,1,56.1,585,0
170.93,323.9,37.7,3.8,1.05,1,0,21,0,0,0,0,11.0,1437,0
91.01,2.4,23.7,10.8,1.57,3,0,20,1,0,0,0,33.5,904,0
357.45,20.0,22.4,26.4,1.38,4,0,18,0,0,0,1,25.2,346,0
413.86,260.8,0.5,6.4,0.54,5,0,11,0,0,0,0,59.5,729,0
54.82,73.6,41.0,2.8,0.84,4,0,18,0,0,0,0,52.4,537,0
123.74,99.8,18.1,23.7,1.01,1,0,21,0,0,0,1,29.1,172,0
75.28,130.5,27.1,25.1,1.5,5,0,14,0,0,0,0,60.0,1192,0
177.23,136.4,33.9,5.3,1.54,1,0,10,0,0,0,1,33.3,853,0
227.92,322.1,35.2,25.7,1.66,5,0,10,0,1,0,0,14.2,1275,0
375.67,695.1,47.8,20.8,1.01,5,0,12,0,0,0,0,35.6,930,0
327.32,152.8,26.6,15.8,1.31,1,0,21,0,0,0,0,17.4,193,0
312.36,40.6,20.0,25.0,0.38,1,0,7,0,0,0,0,40.0,534,0
179.43,254.2,47.7,12.9,1.1,5,0,8,0,1,0,0,56.6,556,0
421.52,6.1,32.1,6.2,0.6,5,0,17,1,0,0,0,48.2,328,0
238.29,31.5,15.0,8.9,0.89,1,0,7,0,0,0,0,20.0,129,0
489.66,273.2,6.4,15.4,1.21,1,0,15,0,0,0,1,21.3,434,0
318.9,35.5,42.1,16.2,0.61,2,1,15,1,0,0,0,8.8,759,0
67.5,29.9,18.2,24.3,0.28,2,0,17,0,0,0,0,20.7,668,0
339.71,17.8,33.1,23.8,0.22,2,0,19,0,0,0,0,10.1,276,0
165.93,235.2,23.6,17.7,0.24,4,0,7,0,0,0,0,32.5,923,0
344.73,83.2,10.0,23.5,0.21,5,1,8,0,1,0,0,44.0,667,0
39.47,134.8,30.1,6.2,0.38,3,0,11,1,0,0,0,46.3,508,0
91.57,32.8,3.1,2.0,0.58,4,0,10,0,1,0,1,8.3,876,0
428.59,170.3,20.7,26.3,0.55,5,0,16,0,0,0,0,23.7,1360,0
117.45,171.3,27.4,2.7,1.78,3,0,20,0,0,0,0,20.8,1401,0
419.34,45.0,21.9,7.8,0.69,2,0,21,0,0,0,0,10.7,176,0
143.24,63.5,37.5,21.0,0.4,3,0,19,0,0,0,0,24.9,1032,0
323.23,28.2,41.4,12.6,1.07,1,0,18,0,0,0,0,21.5,735,0
348.6,450.4,38.6,26.4,1.57,1,1,10,0,0,0,1,39.9,639,0
258.76,124.5,2.0,9.3,1.28,5,0,7,0,0,0,0,53.6,1281,0
156.13,327.2,9.8,0.9,0.67,4,0,7,0,0,1,0,30.0,1290,0
110.26,43.4,26.9,9.4,1.1,2,1,17,0,0,0,0,46.1,1308,0
21.43,182.7,46.7,17.6,1.34,5,0,6,0,0,0,1,13.0,111,0
155.45,174.2,41.8,11.6,1.36,2,0,8,0,0,0,0,54.2,268,0
328.32,141.2,42.1,16.3,1.27,1,0,17,0,0,0,0,13.4,930,0
469.46,404.5,15.2,26.4,1.59,4,0,17,0,0,0,0,15.6,548,0
436.25,60.0,21.5,27.4,1.59,4,0,16,0,0,0,1,10.9,548,0
384.2,16.8,23.6,8.3,1.13,1,0,21,0,0,0,0,22.0,1229,0
395.28,133.7,8.0,14.1,0.89,3,0,19,1,0,0,0,35.4,526,0
334.17,156.8,1.7,16.7,1.23,4,0,12,0,0,0,1,59.3,1055,0
133.84,102.7,47.4,28.5,1.51,3,0,16,0,0,0,0,48.6,1015,0
454.06,27.8,12.1,30.0,0.21,2,0,10,0,0,0,0,25.9,1221,0
337.01,84.3,12.1,7.4,1.79,4,0,12,1,0,0,0,36.7,730,0
282.42,44.9,4.3,21.9,0.49,1,0,21,0,0,0,1,39.3,325,0
1274.63,4.6,903.5,364.5,13.46,17,4,2,1,0,1,0,84.3,46,1
226.29,124.4,29.0,0.7,1.6,2,0,21,0,0,0,0,45.5,302,0
232.88,164.1,33.4,0.8,0.56,2,0,11,0,0,0,1,36.3,1067,0
432.96,31.7,45.6,14.1,0.96,4,0,7,0,1,0,0,41.8,774,0
275.59,62.4,17.3,14.9,0.41,4,0,6,0,0,0,0,46.0,1420,0
193.3,37.6,31.1,1.2,0.83,5,0,6,0,0,0,1,12.3,733,0
488.52,26.6,2.0,20.8,0.48,5,0,21,0,0,0,0,16.0,115,0
59.81,183.6,9.4,9.2,0.78,4,0,15,0,0,0,0,42.9,1459,0
214.16,288.0,41.6,17.0,0.8,5,0,14,0,0,0,0,51.8,717,0
25.8,55.5,38.4,9.4,1.79,1,1,19,0,0,0,0,27.5,1143,0
371.25,167.0,17.6,5.4,1.79,1,0,11,0,0,0,1,58.9,539,0
459.45,272.8,18.9,12.5,0.38,5,0,11,0,0,1,0,16.9,1367,0
143.62,224.6,26.7,7.4,1.36,4,0,9,0,0,0,0,27.9,1367,0
429.88,24.2,0.1,16.3,0.28,1,0,17,0,0,0,1,25.8,1070,0
149.65,375.6,12.1,6.4,0.25,2,0,19,0,0,0,0,56.2,491,0
455.83,56.7,10.5,15.5,0.37,4,0,7,0,0,0,0,20.7,823,0
378.21,49.7,12.6,5.1,1.74,3,0,15,0,0,0,0,30.9,835,0
403.43,7.7,40.3,20.3,1.71,3,0,8,0,0,0,0,15.3,1385,0
13.91,79.9,14.1,22.7,0.51,4,0,8,0,0,0,0,33.7,319,0
481.59,13.9,9.7,3.8,0.46,5,0,13,0,0,0,0,52.2,1131,0
364.7,34.3,25.3,14.3,0.58,1,0,11,0,0,0,0,21.7,545,0
155.85,45.7,43.3,2.6,1.02,1,0,12,0,0,0,0,49.6,113,0
415.55,198.5,12.1,18.1,1.11,4,1,14,0,0,0,0,55.1,486,0
144.35,250.0,4.0,8.3,0.55,2,0,6,0,0,0,0,9.0,741,0
437.01,43.2,17.9,16.1,1.41,5,0,7,0,0,0,0,46.6,1145,0
60.73,234.8,37.4,15.8,0.7,2,0,20,0,0,0,0,19.0,324,0
353.32,233.6,27.6,27.8,1.68,4,0,14,0,0,0,0,14.6,334,0
272.65,173.6,40.9,16.7,1.25,4,0,21,0,0,0,0,38.1,1464,0
52.78,19.0,48.0,17.7,0.9,2,0,10,0,0,0,0,43.8,1099,0
124.74,140.7,39.7,12.3,1.46,3,0,9,0,0,0,0,26.7,810,0
11.14,348.1,30.2,28.5,1.51,4,1,6,1,0,0,0,7.2,1257,0
237.04,137.7,24.7,23.4,0.66,5,0,14,0,0,0,0,55.0,1301,0
154.13,48.3,2.1,8.9,0.74,2,0,16,0,1,1,0,45.2,891,0
301.19,83.3,49.2,25.4,1.7,3,0,18,0,0,0,1,19.9,536,0
152.13,124.5,19.2,13.3,0.46,2,0,14,0,0,0,1,32.3,1174,0
153.46,85.7,7.7,24.9,0.27,3,0,9,0,0,0,0,6.5,680,0
372.88,15.3,33.4,24.8,0.93,3,0,21,0,0,0,0,23.7,1404,0
28.83,44.9,14.3,6.1,1.48,5,0,14,0,0,0,0,33.7,1167,0
451.93,194.6,29.3,21.2,1.43,4,0,15,0,0,0,1,33.4,786,0
426.87,237.2,29.4,9.1,1.67,3,0,18,0,0,0,1,16.5,464,0
335.56,17.7,22.3,9.3,1.05,4,1,6,0,0,0,0,47.7,368,0
298.64,365.4,41.8,9.2,0.36,5,0,20,0,0,1,1,21.4,1416,0
446.69,47.8,13.3,21.9,1.14,4,0,10,0,0,0,0,36.9,1317,0
96.74,130.3,22.5,7.3,1.45,1,0,6,0,0,0,0,19.9,1494,0
44.09,167.2,26.9,0.5,0.35,3,0,9,0,0,0,1,28.4,177,0
123.56,200.5,33.2,21.6,0.48,5,0,21,0,1,0,0,16.4,288,0
398.32,349.7,39.2,5.5,0.22,2,0,21,0,0,0,1,39.8,1148,0
22.16,45.0,19.8,3.6,1.15,5,0,17,0,0,0,0,28.4,1425,0
293.49,234.7,32.3,7.5,1.62,3,0,10,0,0,0,0,5.9,770,0
497.74,16.9,7.6,11.7,1.27,5,0,19,0,0,0,0,6.5,457,0
428.57,146.5,46.6,14.5,1.77,2,0,16,0,0,0,0,30.9,1058,0
263.12,162.6,19.2,1.8,0.3,1,0,8,0,1,0,0,15.1,1217,0
36.5,135.9,36.5,29.1,1.64,3,1,7,0,0,0,0,37.2,435,0
416.53,34.9,1.1,21.6,1.5,3,0,11,0,0,0,0,27.5,1287,0
301.49,247.7,10.3,10.0,0.7,5,0,16,0,0,0,0,41.0,1002,0
61.89,22.2,24.4,9.9,1.76,4,0,18,0,0,0,1,57.4,440,0
51.46,6.6,43.9,13.7,0.66,4,0,8,0,0,0,0,34.1,933,0
455.27,151.7,26.4,19.0,1.62,2,0,15,1,0,0,0,48.3,666,0
336.25,77.4,46.5,4.8,1.61,1,0,6,0,1,0,0,46.4,171,0
415.5,226.9,24.2,6.1,1.41,1,0,16,0,1,0,0,55.7,1165,0
440.09,58.0,24.6,25.9,1.1,5,0,18,0,0,1,0,16.8,510,0
288.03,22.1,6.1,8.1,0.39,5,0,10,0,0,0,0,50.5,997,0
261.14,217.3,40.2,11.7,1.05,4,0,7,0,0,0,0,54.8,937,0
218.06,95.5,12.4,26.2,0.77,1,0,21,0,0,0,0,26.6,743,0
161.89,25.2,45.0,20.1,1.47,1,0,20,0,1,0,0,22.3,120,0
220.13,152.9,45.6,10.6,1.41,1,0,7,0,0,0,1,57.4,1124,0
388.07,85.9,47.2,20.7,1.66,2,0,20,0,0,0,0,39.5,777,0
302.95,111.3,26.1,1.1,0.22,2,0,9,0,0,0,1,25.9,1199,0
446.8,74.1,33.9,22.2,1.49,5,0,9,0,0,0,0,48.6,702,0
224.47,211.7,38.9,14.9,1.7,4,0,21,0,0,0,0,21.7,187,0
305.51,212.3,6.6,24.5,1.46,3,0,9,0,0,0,0,14.7,116,0
317.5,148.3,30.1,28.7,0.41,4,0,12,0,1,0,1,34.9,1452,0
297.89,13.4,1.8,27.8,0.33,2,1,6,0,0,0,0,36.1,1042,0
352.8,219.1,24.9,27.3,0.23,2,0,18,0,0,1,0,50.4,1333,0
122.53,133.4,7.8,15.6,1.21,5,1,13,0,0,1,0,30.1,923,0
258.62,143.3,9.2,11.1,1.21,3,0,17,0,0,1,0,49.8,482,0
56.59,54.1,18.3,14.2,1.78,1,0,18,0,0,0,1,22.1,739,0
195.33,253.7,21.7,20.9,0.84,3,1,15,0,0,0,1,36.6,1269,0
246.4,155.1,31.2,26.6,0.73,3,0,21,0,0,0,1,16.5,552,0
327.85,14.3,3.8,6.6,1.2,3,0,14,0,0,0,0,26.2,915,0
475.51,62.9,25.2,27.6,1.52,5,0,15,0,0,0,1,52.2,409,0
302.32,261.0,9.2,24.5,1.7,2,0,18,0,0,0,0,16.9,1030,0
373.08,5.8,28.7,29.4,1.48,1,0,19,1,0,0,0,49.6,591,0
255.6,390.6,31.9,26.5,0.88,3,0,20,0,0,0,1,20.6,859,0
318.88,136.4,27.9,8.8,1.22,1,0,11,0,0,0,0,6.9,100,0
2864.9,1.0,885.5,118.5,7.14,22,5,2,0,1,0,0,83.3,24,1
130.92,37.9,16.8,3.8,0.98,2,0,11,0,0,0,0,46.0,771,0
184.12,34.3,38.3,9.1,0.55,1,1,15,0,0,0,0,19.4,311,0
238.88,341.8,21.7,18.6,0.47,4,0,21,0,0,0,0,41.0,1456,0
27.6,42.5,24.3,24.2,0.2,2,0,12,0,0,0,0,43.5,403,0
74.31,179.3,32.4,27.0,1.35,1,0,11,1,0,0,1,24.0,790,0
142.02,59.9,1.0,18.9,0.38,3,0,16,0,0,1,1,31.1,1277,0
485.91,18.0,32.7,0.7,0.59,3,0,6,0,0,1,1,27.2,715,0
169.02,1.3,31.0,6.0,0.68,2,0,10,0,0,1,0,57.1,622,0
243.61,94.3,15.6,3.4,1.1,2,0,13,0,0,0,1,22.6,124,0
102.07,446.5,4.4,11.2,0.84,3,0,20,0,0,0,1,15.1,907,0
307.34,55.3,4.6,15.3,1.28,1,0,13,0,1,0,0,25.1,124,0
143.94,53.0,46.2,1.8,0.29,4,0,17,0,0,0,0,41.8,695,0
107.46,50.6,34.5,10.8,0.4,5,0,15,0,0,0,0,43.4,1229,0
260.7,88.2,6.4,5.8,1.0,2,0,14,0,0,0,0,55.8,1242,0
7.73,69.7,17.9,19.6,0.74,3,0,9,0,0,0,0,53.5,207,0
8.79,254.3,29.7,14.2,0.67,1,0,15,0,0,0,0,20.9,1453,0
113.44,84.5,41.8,15.1,0.31,2,0,11,0,0,0,0,30.0,279,0
23.18,85.1,2.3,13.1,1.63,1,0,12,0,0,0,0,46.1,980,0
58.47,17.9,11.9,28.7,1.31,2,0,10,0,1,1,0,55.4,230,0
172.74,487.1,44.5,6.8,0.39,3,0,20,0,0,0,1,23.5,702,0
402.28,34.5,0.6,15.7,0.3,1,0,16,0,0,1,1,29.4,852,0
288.16,9.1,10.1,22.2,1.76,3,0,13,0,0,0,0,54.5,858,0
258.77,130.6,48.0,16.9,1.29,1,0,8,0,0,0,0,24.7,267,0
150.28,108.6,30.7,27.9,0.87,2,0,13,0,0,0,0,31.4,322,0
466.22,64.4,13.2,11.7,1.32,5,0,20,0,0,0,0,54.7,568,0
201.52,65.8,3.4,14.2,1.41,5,0,19,0,0,0,0,49.1,377,0
48.11,184.5,1.5,3.1,1.45,4,0,10,0,0,0,1,18.4,289,0
2347.24,1.3,1233.6,336.4,9.92,9,5,23,1,1,0,0,82.4,40,1
61.35,205.9,44.1,9.0,0.89,3,0,18,0,0,0,1,24.4,720,0
175.89,125.5,20.9,5.2,0.22,1,1,11,0,1,0,1,55.2,1313,0
256.17,65.2,36.0,16.6,1.68,4,0,7,0,0,0,0,59.9,317,0
437.74,73.5,45.9,16.2,1.17,2,0,20,0,0,0,0,47.6,1422,0
249.31,35.6,20.5,2.7,0.53,5,0,12,0,0,0,0,31.6,1434,0
352.62,167.4,9.6,21.1,1.67,1,0,20,0,1,0,0,5.6,335,0
496.44,86.3,25.9,18.9,1.66,5,0,20,0,1,0,0,43.4,267,0
70.09,46.4,45.4,6.1,1.78,1,0,14,0,0,0,1,26.4,879,0
140.99,108.8,40.2,14.3,1.6,4,0,8,0,0,0,1,39.8,292,0
200.32,654.9,3.4,21.7,1.8,4,0,19,0,0,0,1,38.4,341,0
213.8,68.6,34.7,16.1,0.59,3,0,15,0,0,0,0,31.4,1285,0
208.46,304.1,28.6,12.2,1.55,1,0,19,0,0,0,0,56.9,1462,0
454.27,50.8,45.4,10.0,1.52,2,0,9,0,0,0,0,6.3,890,0
358.45,6.8,6.2,18.5,0.57,4,0,9,0,0,0,0,44.2,554,0
305.91,27.4,26.7,28.2,0.36,3,0,9,0,0,0,0,27.5,1258,0
158.14,65.1,44.0,20.3,1.77,4,0,8,0,0,0,0,44.3,292,0
412.78,29.8,20.6,2.7,0.67,5,0,10,0,0,0,0,42.1,491,0
477.75,0.0,24.2,14.1,1.59,4,0,14,1,0,0,1,5.6,700,0
411.49,295.8,3.6,26.8,0.21,1,0,20,0,0,0,1,20.7,1165,0
5.77,222.9,14.0,3.3,0.23,3,0,16,0,0,0,0,15.4,192,0
320.02,162.7,16.3,29.7,0.95,1,1,13,0,0,0,1,14.2,1338,0
30.31,22.0,47.3,28.5,0.58,2,0,15,0,0,0,0,45.1,448,0
132.52,15.4,14.2,2.8,1.3,2,1,7,0,0,0,0,18.2,612,0
34.46,8.4,23.1,28.0,1.1,4,0,17,0,0,0,1,31.1,1458,0
303.88,154.5,33.6,11.2,0.32,3,0,21,0,0,0,0,18.6,1023,0
344.86,317.1,8.2,25.4,0.46,3,1,14,0,0,0,1,36.9,1287,0
61.67,67.6,24.4,12.8,0.82,3,0,17,0,0,0,0,44.6,205,0
195.0,15.2,37.0,13.5,0.5,3,0,15,0,0,0,1,23.2,1355,0
230.84,86.2,43.4,19.2,1.47,4,0,7,0,0,0,1,38.2,1091,0
187.68,51.5,31.4,23.3,0.87,1,0,12,0,1,0,0,50.4,816,0
64.91,56.4,33.5,1.5,0.35,4,0,10,0,0,0,0,10.2,1300,0
212.38,116.5,6.4,18.0,0.97,1,0,20,0,0,0,0,44.1,1417,0
376.83,152.2,47.3,6.0,0.35,5,0,18,1,0,0,0,22.8,1388,0
40.15,14.1,6.7,10.7,0.41,5,0,12,0,0,0,0,11.7,887,0
44.69,4.3,38.8,10.8,0.58,1,0,10,0,0,0,1,35.0,1393,0
180.61,620.7,13.3,14.3,1.58,4,0,17,0,0,0,0,17.4,1335,0
471.15,31.8,46.7,10.4,1.68,2,0,11,0,0,0,1,50.2,1286,0
335.94,6.6,36.0,3.7,1.52,4,1,13,0,0,0,1,7.4,922,0
340.94,25.3,37.7,4.8,0.73,2,0,6,0,0,0,0,10.4,1016,0
184.15,4.8,11.0,1.5,0.64,4,0,18,0,0,0,0,33.7,1176,0
298.86,59.7,22.2,14.4,1.08,3,0,16,0,1,0,0,37.4,1356,0
10.01,194.6,30.9,28.7,1.35,3,0,18,0,0,0,0,45.1,953,0
319.87,50.1,38.5,3.9,1.79,5,0,17,0,0,0,0,19.3,782,0
457.08,70.5,5.3,28.4,0.41,5,0,6,0,0,0,0,51.3,1122,0
308.22,135.1,48.1,22.1,0.28,1,0,10,0,0,0,0,57.4,1050,0
437.48,85.3,44.5,19.3,1.31,2,1,20,0,0,0,0,32.4,143,0
363.37,237.2,13.6,19.5,1.53,3,0,6,0,0,1,1,46.8,702,0
64.68,241.2,41.2,24.9,1.55,4,0,8,0,0,0,1,33.9,732,0
451.71,1.2,26.0,3.7,1.29,1,0,15,0,0,0,0,8.8,191,0
37.89,180.6,23.1,15.4,1.73,4,0,20,0,0,0,0,22.9,858,0
269.31,74.1,15.8,21.1,1.02,3,0,14,0,0,0,1,9.8,830,0
75.36,539.5,29.1,17.8,1.66,3,1,19,1,0,0,1,59.4,1053,0
2529.71,0.7,780.4,668.9,4.53,23,3,4,1,1,1,0,82.6,48,1
213.91,520.2,20.6,2.6,1.56,3,0,12,0,0,0,0,40.0,1417,0
151.05,168.6,31.5,20.9,0.7,4,0,17,0,0,0,0,20.6,799,0
245.57,34.3,35.0,16.3,0.51,1,0,11,0,0,0,0,40.9,1024,0
290.71,92.8,35.6,11.7,1.08,3,0,13,0,0,0,0,16.6,779,0
26.65,581.4,2.7,10.5,0.92,5,0,13,0,0,1,0,48.2,1066,0
65.89,233.8,43.0,18.8,1.6,1,0,11,0,0,0,0,11.1,363,0
281.53,12.3,23.0,26.8,0.36,5,1,9,0,0,0,0,54.2,204,0
174.87,147.1,13.2,15.1,0.61,4,0,9,0,0,0,0,51.2,323,0
365.94,50.9,12.2,24.8,1.4,3,0,21,0,0,1,0,42.3,1077,0
327.88,0.8,24.2,12.4,0.35,1,0,9,0,0,0,1,8.7,214,0
423.57,62.0,44.4,3.5,0.71,3,0,11,0,0,0,0,16.5,990,0
2005.9,3.7,1266.1,377.8,8.77,17,2,1,1,0,1,1,88.5,20,1
217.82,205.0,37.5,2.0,1.2,1,0,17,0,0,0,0,11.7,1397,0
338.12,49.4,4.9,11.7,0.45,3,0,7,0,0,0,0,13.6,1353,0
141.31,210.9,23.9,10.4,1.58,3,0,11,0,0,0,0,34.9,828,0
156.63,0.1,49.6,21.7,0.92,2,0,19,0,0,0,0,20.1,133,0
395.55,44.1,38.5,22.4,1.67,2,0,19,0,0,1,0,17.2,994,0
225.98,33.1,10.6,2.0,0.95,1,0,16,0,0,0,0,36.7,561,0
400.2,31.9,25.1,7.0,0.64,1,0,6,0,0,0,1,25.5,548,0
412.1,8.5,11.8,8.6,0.43,3,0,14,0,0,0,1,12.7,928,0
429.49,24.9,20.5,16.7,0.21,5,1,17,0,0,1,0,34.4,1337,0
458.73,97.3,39.0,4.8,1.05,1,0,11,0,0,0,1,26.3,1169,0
218.34,41.3,38.6,4.5,0.37,3,0,12,0,0,0,0,45.4,504,0
162.84,64.8,11.5,28.3,0.83,5,0,19,1,0,1,0,10.7,432,0
293.19,56.8,46.1,24.2,1.14,2,0,17,0,0,0,0,39.1,339,0
188.73,250.4,29.7,5.8,0.64,1,0,6,0,0,0,0,29.0,1377,0
302.53,282.8,19.1,12.5,0.48,3,0,13,0,0,0,0,27.3,327,0
354.27,81.5,25.1,11.0,1.44,2,0,17,0,0,0,0,17.8,832,0
345.76,48.1,30.3,23.8,1.71,4,0,21,0,0,0,0,6.7,990,0
190.4,13.6,28.0,15.6,0.36,2,0,17,0,0,0,0,51.6,265,0
87.6,367.9,24.4,4.3,0.45,3,0,17,0,1,0,0,23.0,684,0
218.11,7.5,25.3,22.3,1.74,5,0,17,0,0,0,0,42.5,836,0
75.58,42.4,8.9,12.2,0.26,4,0,17,0,0,0,0,57.1,697,0
445.6,42.5,40.7,8.3,1.76,4,0,10,0,1,0,0,36.1,692,0
176.21,46.4,27.1,11.6,0.21,4,0,10,0,1,0,1,26.8,826,0
81.46,21.5,6.6,15.2,1.6,1,0,19,0,0,0,0,19.8,1024,0
17.6,183.4,38.3,10.6,0.69,3,0,11,0,0,1,0,56.4,748,0
324.68,15.7,46.6,7.6,1.7,4,1,12,0,1,0,0,42.5,546,0
320.27,120.9,47.4,12.3,0.71,2,0,12,0,0,1,1,41.6,196,0
173.6,15.9,18.5,1.1,1.25,5,0,10,0,0,0,0,28.4,478,0
40.5,8.8,6.9,23.3,0.33,3,0,6,0,0,0,0,51.5,769,0
207.77,288.2,26.0,5.5,0.59,2,1,16,0,1,0,0,44.3,1309,0
159.05,25.3,5.7,1.8,1.44,1,0,14,0,0,1,1,20.6,1367,0
340.17,206.6,46.7,19.8,1.05,4,0,20,0,0,1,0,38.0,730,0
304.86,94.4,9.3,23.3,1.68,2,0,11,0,0,0,0,28.7,807,0
185.47,9.7,12.7,24.5,0.89,3,0,18,0,0,0,0,5.4,602,0
112.86,373.3,20.4,15.1,1.59,2,0,14,0,1,0,0,49.4,387,0
494.08,34.0,19.2,6.6,0.92,1,0,16,0,0,0,0,11.8,468,0
229.73,235.6,39.8,22.2,1.77,5,0,21,0,0,1,1,33.0,164,0
345.7,22.2,22.9,21.1,1.74,4,0,9,0,0,0,0,23.5,261,0
74.57,230.9,8.6,7.8,0.73,3,0,7,0,0,0,0,23.8,696,0
245.37,1.6,13.4,27.2,1.62,4,0,18,0,0,0,0,31.3,1026,0
18.63,86.0,25.5,3.6,1.56,4,1,18,0,0,0,0,59.8,670,0
255.2,176.1,7.5,29.5,0.54,4,0,8,0,0,0,0,27.5,1073,0
482.19,327.6,30.6,25.9,1.2,2,0,17,0,0,0,0,15.0,761,0
195.18,287.9,28.3,20.8,0.32,2,0,9,0,0,0,0,38.7,580,0
24.3,205.5,35.8,28.2,1.54,5,0,15,0,0,0,0,18.0,368,0
20.32,262.9,46.9,21.8,0.48,1,0,21,0,0,0,0,10.8,835,0
197.05,26.7,45.6,6.1,0.31,3,0,17,0,0,0,1,7.8,666,0
84.21,40.1,47.3,13.5,0.84,2,0,13,0,0,0,0,6.3,1313,0
16.56,40.9,12.3,2.6,1.12,4,0,8,0,0,0,1,28.7,505,0
379.33,56.8,6.7,12.0,1.57,1,0,13,0,0,0,0,28.5,864,0
231.97,60.0,15.2,22.4,1.76,3,0,11,0,0,0,0,15.2,1435,0
148.18,94.4,44.8,11.9,0.9,3,0,9,0,1,0,0,48.1,965,0
450.54,20.9,48.6,10.2,0.3,3,0,19,0,0,0,0,12.1,1217,0
62.49,141.0,43.0,18.1,1.4,3,0,12,0,0,0,0,55.3,489,0
478.18,22.0,5.6,26.2,1.1,5,0,20,0,0,0,1,37.3,646,0
160.41,44.6,47.4,1.9,0.92,3,0,19,1,0,1,1,6.5,1335,0
444.76,84.0,21.2,11.9,0.69,1,0,16,0,0,0,0,58.0,1492,0
303.46,191.0,0.6,5.2,1.0,2,0,18,1,0,0,1,21.9,841,0
414.22,161.4,22.2,21.0,0.74,1,0,10,0,0,0,0,29.7,1291,0
492.09,124.5,2.4,3.6,1.41,4,0,10,0,1,0,1,20.6,1137,0
147.76,20.3,27.2,20.1,1.07,5,0,14,0,0,0,0,45.1,685,0
480.76,95.0,17.0,8.9,1.6,5,0,18,1,1,0,1,31.7,973,0
197.79,11.0,23.7,6.4,1.07,4,0,8,0,0,0,0,12.3,1330,0
195.83,56.9,30.7,28.1,0.58,1,0,15,0,0,0,1,10.7,142,0
173.49,64.0,43.5,1.0,1.56,1,0,20,0,0,0,0,44.9,979,0
273.0,4.9,33.1,13.4,1.09,4,0,9,0,0,0,0,18.0,1010,0
81.3,38.4,21.8,1.1,0.53,3,0,10,0,0,0,0,12.6,706,0
279.09,373.9,41.0,14.8,1.2,3,0,6,0,0,0,1,32.5,337,0
273.14,368.5,45.3,15.3,0.77,2,0,12,1,0,0,0,49.2,818,0
382.14,52.1,6.1,10.0,1.55,1,1,13,0,0,0,0,20.3,841,0
417.66,5.3,26.6,4.4,0.93,1,0,20,0,0,0,0,20.2,503,0
223.02,23.7,14.3,11.6,1.36,4,0,11,0,0,0,1,50.9,313,0
154.65,59.8,2.4,20.3,0.35,4,0,14,0,1,0,0,13.1,945,0
133.37,354.3,33.5,23.6,0.83,3,0,8,0,0,0,0,38.9,1497,0
101.34,18.3,43.2,16.2,1.77,1,0,7,0,0,1,1,57.5,231,0
33.54,173.0,8.2,17.9,1.49,1,0,10,0,0,1,0,51.3,108,0
174.51,13.8,40.6,6.4,0.46,5,0,18,0,0,0,0,8.4,252,0
138.77,477.2,42.7,9.0,0.64,2,0,14,0,0,0,0,22.6,530,0
483.38,57.7,45.7,5.3,0.73,2,0,21,0,0,0,1,12.8,582,0
281.07,179.1,13.3,7.9,1.24,3,0,16,0,0,0,0,57.2,404,0
176.9,50.3,45.2,7.1,1.41,1,0,6,1,0,0,0,59.2,383,0
292.33,118.6,16.1,15.8,1.4,5,0,6,0,0,0,1,17.9,571,0
73.9,25.6,27.7,17.1,1.02,1,0,15,0,0,1,0,41.8,1092,0
224.8,18.9,2.6,28.4,1.5,4,0,8,0,0,0,1,51.3,289,0
314.99,333.8,2.3,6.3,0.9,3,0,15,0,0,0,0,17.9,611,0
247.0,299.6,36.0,19.4,0.4,2,0,8,0,0,0,0,15.3,442,0
203.88,262.1,22.3,24.6,1.1,1,0,10,0,0,0,0,5.6,814,0
496.95,117.8,12.9,17.0,1.72,3,0,9,0,1,0,0,27.7,779,0
440.76,198.2,9.6,8.0,1.47,2,0,11,0,0,0,0,54.5,1157,0
313.59,8.6,33.5,8.2,1.13,1,0,17,0,0,0,0,54.7,570,0
286.84,48.9,0.1,1.7,1.23,5,0,13,0,0,1,1,12.0,840,0
312.23,45.2,40.3,9.5,1.69,3,1,13,0,0,0,0,16.2,612,0
104.65,121.2,4.1,22.5,0.89,1,0,20,0,0,0,1,27.4,1445,0
200.59,52.8,9.7,1.9,0.73,2,0,16,0,0,0,0,47.9,1238,0
24.53,19.3,19.4,7.0,1.76,2,0,9,0,0,0,0,38.7,1337,0
240.4,108.9,24.3,21.3,1.58,5,0,6,0,1,0,1,33.3,244,0
273.8,202.1,17.8,23.6,0.72,3,0,18,0,0,0,0,37.6,658,0
117.74,57.8,16.1,13.9,0.94,3,0,21,0,0,0,1,10.3,891,0
482.19,17.0,48.2,21.1,0.86,1,0,19,0,0,0,0,31.3,1301,0
455.18,26.3,32.1,11.9,0.44,2,0,19,0,0,1,0,59.6,459,0
362.46,32.5,1.3,5.2,1.73,2,0,12,0,0,0,0,9.9,384,0
269.03,42.8,21.6,12.2,0.85,5,0,11,0,0,0,0,33.6,1368,0
435.63,123.5,43.8,17.6,1.6,5,0,10,0,0,0,0,21.3,864,0
69.67,110.2,15.1,28.5,0.5,3,0,9,0,0,0,1,34.7,1329,0
396.3,142.9,4.8,2.5,1.08,2,0,11,0,0,0,0,36.6,683,0
66.79,54.0,37.9,15.5,0.24,1,1,13,0,0,0,0,36.8,1465,0
398.13,208.5,30.3,10.2,1.42,4,0,11,0,0,0,1,51.9,826,0
141.5,27.4,28.6,15.5,1.13,1,0,8,0,0,0,1,26.4,1483,0
439.16,76.0,2.8,1.2,1.2,5,0,14,0,0,0,0,33.4,1264,0
472.3,193.7,7.1,9.7,0.28,1,0,8,0,0,0,0,5.6,1059,0
78.65,23.8,31.2,24.7,0.54,2,0,9,0,0,0,0,48.4,1345,0
234.02,14.0,10.5,16.8,0.32,3,1,18,0,0,1,0,19.3,1453,0
490.59,258.2,25.3,13.8,0.66,4,0,10,0,0,0,0,49.9,842,0
244.29,50.4,27.3,8.9,1.2,3,1,16,0,0,0,1,19.6,753,0
432.46,138.2,14.2,9.3,1.11,4,0,7,0,0,0,0,5.6,457,0
296.42,3.1,47.4,11.8,1.18,4,0,16,0,0,0,0,13.5,686,0
190.79,140.6,42.1,25.1,1.08,2,0,21,0,0,1,1,59.2,139,0
146.46,45.6,36.1,29.0,0.64,2,0,15,0,0,0,0,22.6,1001,0
105.6,6.9,4.0,13.4,0.59,5,1,20,1,0,0,1,11.0,372,0
382.09,112.9,5.4,12.1,0.42,5,0,16,0,0,0,0,11.5,1193,0
196.34,33.1,24.7,25.5,1.56,4,0,15,0,0,0,0,22.1,928,0
258.08,58.7,8.1,13.1,1.19,5,0,7,0,0,0,1,7.1,722,0
248.7,10.1,48.9,16.8,0.5,2,0,11,0,1,0,0,33.1,557,0
290.75,19.1,8.0,7.3,0.48,5,1,20,0,0,0,1,16.8,333,0
433.46,42.5,24.4,22.4,1.6,4,0,19,0,0,0,0,33.6,296,0
490.47,11.3,18.3,16.2,1.39,3,0,7,0,0,0,1,12.7,635,0
206.75,290.1,32.0,24.4,1.26,1,0,15,0,1,0,0,28.6,1037,0
414.62,0.7,6.5,23.5,0.85,5,0,6,0,0,0,0,37.9,246,0
383.44,79.4,21.6,6.8,0.62,2,0,13,0,0,0,0,8.4,673,0
288.9,15.8,13.8,21.6,1.77,3,0,15,0,0,0,0,26.9,1190,0
478.24,44.1,44.4,24.1,1.48,2,0,21,0,0,1,0,21.6,129,0
104.23,312.5,2.1,10.7,0.68,5,0,19,0,0,0,0,18.2,206,0
59.09,21.2,45.7,5.6,1.56,4,1,15,0,0,0,0,38.2,489,0
427.71,405.2,41.7,0.6,1.41,1,0,18,0,0,0,0,37.4,978,0
222.38,27.6,14.9,13.8,0.68,1,0,6,0,0,0,1,39.7,505,0
424.25,162.4,39.5,10.9,0.88,3,1,15,0,0,1,0,13.7,1244,0
447.08,94.9,1.7,16.9,0.5,1,0,19,0,0,0,0,20.7,1134,0
35.92,259.0,48.3,6.0,0.38,4,1,11,0,0,0,0,16.5,683,0
442.32,96.9,26.4,25.9,1.36,2,1,17,0,0,1,0,34.7,446,0
226.92,91.8,15.2,8.1,0.63,4,0,19,0,0,0,1,30.4,1376,0
257.66,26.1,18.2,7.2,1.51,3,0,21,1,0,0,0,23.2,896,0
315.16,21.8,3.4,14.7,1.79,3,0,6,0,0,0,0,48.2,218,0
463.56,297.9,49.5,15.2,0.32,1,0,13,0,0,0,0,10.2,619,0
14.46,47.7,2.1,6.8,0.96,4,0,19,0,0,0,1,58.6,1338,0
241.04,55.8,32.8,8.5,1.48,2,0,10,0,0,0,0,11.4,832,0
345.42,171.2,22.2,5.5,1.46,4,0,8,0,0,0,1,47.5,179,0
362.74,49.6,47.5,21.7,1.42,2,0,10,0,0,0,0,25.3,518,0
347.8,364.5,12.4,23.2,0.76,2,0,20,1,0,0,1,52.6,683,0
71.55,160.7,26.7,14.1,0.93,4,0,21,0,0,0,0,9.1,811,0
153.2,109.2,24.2,21.6,1.15,5,0,18,0,1,0,1,25.6,1412,0
182.56,255.3,35.2,22.2,1.76,4,0,6,0,0,0,0,23.4,333,0
403.2,6.1,3.5,4.6,0.72,2,0,6,0,0,0,0,59.6,360,0
142.99,35.7,9.8,29.0,1.68,3,0,17,0,0,0,1,59.2,1032,0
109.3,75.1,10.8,24.7,0.63,3,0,19,0,0,0,0,15.4,756,0
478.94,30.9,36.9,6.5,1.78,1,0,9,0,0,0,0,39.6,1145,0
9.39,163.5,9.5,6.0,1.27,3,0,14,0,0,0,1,34.5,177,0
498.92,301.9,28.7,4.2,0.94,5,0,19,0,0,0,0,13.5,841,0
340.03,66.1,10.8,4.6,1.18,2,0,14,0,1,0,0,14.2,771,0
415.09,50.3,43.1,22.6,0.64,4,0,6,0,0,0,0,59.4,1137,0
150.84,391.0,47.1,14.4,0.64,4,0,8,0,0,0,0,29.9,1271,0
12.09,70.6,26.0,23.6,0.38,5,0,18,0,0,0,1,11.9,129,0
370.25,80.6,17.7,22.5,0.38,3,0,17,0,0,0,0,16.8,537,0
417.9,52.0,11.8,18.3,0.76,2,0,21,0,0,0,0,19.8,162,0
371.54,288.4,2.6,20.7,1.42,3,0,9,0,0,1,0,33.1,1258,0
75.71,101.0,13.5,1.0,1.17,1,0,7,0,0,0,0,23.5,256,0
377.95,172.3,32.7,9.7,0.36,3,1,12,1,0,0,1,30.0,668,0
385.62,200.4,26.7,19.3,1.56,1,0,8,0,0,0,1,14.2,1042,0
330.98,50.2,47.2,0.8,1.16,4,0,6,0,0,0,0,23.0,876,0
384.23,68.2,19.9,1.5,1.74,2,0,6,0,0,1,0,8.9,353,0
423.73,226.4,34.7,25.6,1.27,1,0,8,0,0,0,1,53.9,1106,0
308.73,54.2,24.5,20.7,0.48,3,0,11,1,0,1,0,15.9,1310,0
48.86,189.5,25.7,8.3,0.96,3,0,9,0,0,0,0,46.6,972,0
246.38,339.6,13.5,20.8,1.24,4,0,6,0,0,0,0,24.2,1450,0
43.44,117.1,22.8,23.9,0.25,5,0,12,0,0,0,0,31.1,298,0
206.73,162.4,23.6,9.6,0.22,5,0,7,0,0,0,1,21.0,980,0
206.52,196.2,35.4,1.6,0.41,3,0,17,0,0,0,0,43.3,1294,0
37.67,223.8,47.0,28.0,0.6,5,1,10,0,0,0,1,51.5,1438,0
177.67,60.3,16.5,10.7,0.89,2,0,21,0,1,0,0,20.7,105,0
59.94,6.3,2.2,3.6,0.98,5,0,13,0,0,0,0,18.3,1379,0
405.08,61.7,24.9,15.0,0.42,2,0,12,0,0,0,1,42.5,920,0
474.11,134.4,27.3,23.2,1.28,3,0,16,0,1,0,1,15.7,1443,0
40.8,71.8,8.5,7.0,1.15,3,0,17,0,1,0,1,40.2,347,0
477.78,165.9,38.0,8.4,0.67,3,0,13,0,0,0,0,10.2,103,0
263.68,53.0,49.2,7.7,0.22,4,0,18,0,0,0,1,39.1,612,0
153.29,120.9,47.3,29.8,0.32,5,0,15,0,1,0,0,33.2,937,0
43.05,24.8,9.9,6.3,0.83,1,0,19,0,0,0,0,11.3,605,0
252.81,166.1,43.8,17.5,0.45,1,0,21,0,0,0,0,40.7,130,0
398.29,94.7,35.3,27.8,0.8,3,0,16,0,0,0,0,29.6,1398,0
355.01,27.4,22.7,4.8,1.21,5,0,11,0,0,1,1,16.9,808,0
29.86,41.4,27.1,29.1,1.08,2,0,21,0,0,0,0,24.4,985,0
41.09,165.7,42.5,28.5,0.57,1,0,12,0,0,0,0,32.1,1448,0
204.42,79.1,24.1,26.6,0.75,3,1,14,0,0,0,0,10.0,1300,0
151.17,29.2,18.7,6.8,1.18,1,0,11,0,0,0,0,57.7,1410,0
120.03,410.3,24.7,19.2,1.58,1,0,14,1,0,0,0,41.6,847,0
2754.39,1.1,1483.9,729.9,10.35,20,5,3,0,1,1,0,82.5,3,1
402.72,378.0,9.5,29.6,1.09,3,0,21,0,0,0,0,50.3,342,0
464.97,66.8,45.1,5.8,0.78,3,0,18,0,0,0,0,22.7,600,0
205.53,77.3,33.7,23.1,0.78,4,0,17,0,0,0,1,37.8,304,0
453.52,273.9,31.7,10.5,1.61,4,0,7,0,0,0,0,20.2,822,0
164.14,89.3,5.1,5.7,0.26,4,0,18,0,0,0,0,45.3,432,0
240.84,147.4,30.2,12.9,1.78,1,0,7,0,0,0,1,44.8,702,0
116.88,34.9,6.1,23.9,1.26,5,0,19,0,0,0,0,35.4,265,0
322.04,71.0,4.0,14.2,1.29,3,1,7,0,0,0,1,18.3,260,0
489.6,15.8,26.4,16.4,0.26,4,0,11,0,0,0,0,19.0,105,0
303.73,27.7,20.2,29.9,1.17,5,0,7,0,0,0,1,26.1,304,0
182.12,0.1,29.5,12.3,0.98,4,0,8,0,0,0,0,13.0,631,0
325.67,4.8,4.6,18.7,0.37,4,0,18,0,0,0,0,23.6,1223,0
65.85,454.2,21.6,11.3,0.64,5,0,13,0,0,0,0,42.6,144,0
444.89,33.3,8.8,12.1,1.62,4,1,13,0,0,1,0,50.7,556,0
2917.41,0.0,439.6,719.5,13.67,15,5,2,1,1,1,1,84.6,13,1
227.43,219.2,28.1,28.2,0.86,1,0,17,0,0,0,0,17.8,1438,0
295.0,96.0,34.4,16.5,0.32,1,0,21,0,0,0,0,50.8,151,0
314.27,19.9,16.3,23.2,1.34,2,0,9,0,0,0,0,54.0,1269,0
40.53,156.3,4.8,3.1,1.32,4,0,14,0,0,0,1,27.6,1404,0
342.9,110.0,48.8,6.7,1.18,2,1,13,0,0,0,1,6.5,1246,0
124.76,157.7,14.4,15.3,1.02,3,0,6,0,1,0,0,43.2,570,0
358.41,176.2,21.2,1.1,0.89,5,0,13,0,0,0,0,48.1,996,0
412.15,444.7,32.5,8.0,1.15,3,0,21,0,0,0,0,6.0,1420,0
402.96,102.3,1.3,15.8,0.57,2,0,6,0,0,0,0,37.7,713,0
278.49,50.2,40.5,0.9,1.71,1,0,20,0,0,0,0,37.4,611,0
262.48,125.5,26.9,8.3,1.14,4,0,9,0,0,0,0,25.8,885,0
75.72,8.5,14.0,15.7,0.7,4,0,15,0,1,0,1,46.2,1325,0
388.8,273.2,3.2,17.4,0.92,1,0,11,0,0,0,1,28.5,514,0
139.35,15.3,8.2,27.8,1.49,4,0,12,0,0,0,0,42.2,713,0
250.86,47.7,44.8,19.5,0.46,5,0,15,0,0,0,0,33.4,619,0
145.72,203.0,34.3,12.7,0.67,5,0,18,0,0,0,1,18.7,773,0
71.25,109.2,12.6,27.9,1.29,5,0,9,0,0,0,0,38.4,1196,0
316.63,60.0,3.4,23.7,0.7,3,0,13,0,0,0,0,45.5,444,0
31.89,77.0,34.6,6.4,1.47,1,0,21,0,1,0,1,58.6,1150,0
375.58,231.3,28.7,4.4,0.41,5,0,13,0,0,0,0,25.9,1292,0
162.21,49.9,20.3,20.4,1.42,2,0,19,0,0,0,0,8.5,874,0
5.07,244.5,18.2,17.0,0.31,5,0,19,0,0,1,0,59.3,684,0
258.01,11.1,10.9,23.8,0.22,3,1,19,0,0,0,0,39.3,1332,0
28.19,180.0,33.5,22.3,1.64,2,0,14,1,0,0,0,57.1,979,0
141.7,225.7,48.5,18.9,1.13,1,0,19,0,0,0,0,10.7,997,0
354.95,24.1,8.9,29.6,0.76,1,1,11,0,0,1,0,23.8,947,0
36.03,67.5,29.9,16.2,0.57,5,0,9,1,0,0,1,12.4,824,0
420.47,21.7,21.3,3.8,1.19,2,0,7,0,0,0,0,51.0,756,0
6.89,147.1,22.4,24.9,1.01,2,0,20,0,0,0,0,53.4,710,0
127.18,92.0,12.8,7.9,1.79,5,0,12,0,0,0,0,32.6,1433,0
371.75,121.0,41.3,23.4,1.77,5,0,21,0,0,0,0,15.3,1123,0
161.55,26.3,24.3,28.7,1.22,4,0,15,0,1,0,1,12.0,1046,0
2828.84,1.7,1263.8,765.3,14.16,9,5,22,1,0,1,0,98.5,35,1
183.32,5.1,15.3,18.1,0.99,5,0,16,0,0,0,0,32.9,746,0
138.84,46.6,9.2,14.1,1.29,3,0,18,0,0,0,0,43.2,537,0
422.14,98.4,4.4,11.3,0.36,4,0,17,0,0,1,0,21.8,494,0
160.11,234.2,35.7,10.9,0.73,5,0,8,0,0,0,0,27.1,693,0
395.52,131.9,9.9,19.3,0.32,2,1,8,0,0,0,0,6.2,156,0
446.48,68.6,34.5,22.7,0.32,4,0,9,0,0,0,0,38.6,1297,0
219.74,367.2,19.6,20.5,0.51,3,0,7,1,0,0,1,28.3,425,0
455.42,152.4,20.8,6.4,0.98,1,1,21,0,0,0,1,55.6,421,0
191.77,319.4,23.5,15.1,1.46,2,1,18,0,0,0,1,40.3,282,0
482.22,90.0,18.4,23.9,0.98,3,0,18,0,0,0,1,26.9,334,0
313.34,1.3,445.6,293.9,5.64,23,3,22,0,1,1,1,99.1,20,1
345.07,6.5,15.6,16.3,0.33,3,0,8,0,0,0,1,54.8,1309,0
249.44,155.4,33.2,23.2,1.08,2,0,15,0,0,0,0,5.9,365,0
196.89,15.5,33.3,20.0,0.63,3,0,10,0,0,1,0,23.0,1108,0
318.19,43.3,14.4,12.6,1.18,1,1,17,0,0,0,1,56.9,941,0
353.41,91.2,23.1,26.9,1.76,4,0,18,1,0,0,0,41.0,428,0
7.16,99.7,9.8,5.3,0.38,2,0,12,0,0,0,0,34.3,1488,0
87.64,110.1,10.6,29.9,0.54,3,0,14,0,0,0,0,16.2,782,0
357.96,21.8,1.3,4.0,0.96,5,0,7,0,0,0,0,50.8,123,0
334.86,57.3,44.8,0.9,1.75,4,1,14,1,0,0,0,16.2,1384,0
483.19,115.2,10.6,26.8,1.43,2,0,15,0,0,0,0,18.7,1478,0
381.71,420.1,11.5,7.7,1.64,5,0,11,0,0,0,0,15.6,295,0
475.63,156.1,14.1,22.0,0.73,5,0,17,0,1,0,1,13.7,710,0
352.76,307.1,6.5,24.4,1.79,3,0,11,0,0,1,1,57.4,1456,0
152.54,172.4,32.0,25.8,0.36,2,0,16,0,0,0,1,38.1,712,0
57.16,107.5,3.8,29.8,0.28,3,0,8,0,0,0,1,40.1,731,0
392.0,25.6,6.8,9.2,1.57,1,1,19,0,1,0,0,57.5,420,0
323.85,131.8,32.3,21.5,1.68,5,0,15,0,0,0,0,17.7,302,0
28.85,117.2,17.0,3.9,0.34,1,0,18,0,0,0,0,5.3,1213,0
183.22,110.7,35.4,12.5,0.38,3,0,14,0,0,0,1,37.9,276,0
478.62,80.8,27.9,25.5,0.25,4,0,9,0,0,0,0,32.9,726,0
252.7,90.3,12.9,11.3,0.37,5,0,10,0,0,0,1,31.3,131,0
219.2,48.9,32.6,17.9,0.54,4,0,8,0,0,0,0,8.4,1045,0
231.56,87.9,5.9,15.4,1.75,2,0,10,0,0,1,1,30.0,826,0
108.4,26.4,26.9,19.6,1.27,5,0,13,0,0,0,0,20.8,1053,0
187.51,196.3,21.9,29.2,1.45,1,0,13,0,0,0,1,20.1,919,0
188.06,24.7,13.5,2.1,1.44,4,0,19,0,0,0,0,17.2,890,0
30.92,10.7,30.2,17.4,1.06,2,0,13,0,0,0,0,23.3,342,0
384.95,68.8,43.6,26.0,1.48,5,0,11,0,0,0,0,24.4,169,0
211.17,128.9,49.9,14.7,1.15,2,0,20,0,0,0,1,22.0,1114,0
411.98,69.1,30.4,2.8,0.7,1,0,20,0,0,0,0,58.8,1194,0
425.92,38.9,20.3,17.0,1.1,5,0,6,0,0,0,1,56.3,257,0
109.94,98.0,11.3,10.3,1.05,2,0,21,0,0,0,1,36.6,648,0
330.39,51.1,12.9,5.1,1.52,3,1,16,0,0,0,1,59.0,425,0
238.78,324.1,24.0,25.5,1.77,5,0,15,0,0,0,0,59.5,1158,0
440.68,307.1,18.4,15.9,0.86,5,0,21,0,0,0,0,24.6,559,0
111.79,83.7,45.7,28.0,1.42,5,0,17,0,0,0,0,29.5,515,0
340.52,47.7,18.5,24.3,0.36,5,0,11,0,1,0,1,57.7,670,0
305.84,160.3,18.7,20.9,1.44,3,0,21,0,0,0,1,38.5,985,0
151.17,4.5,19.2,0.6,0.79,1,1,17,0,0,0,1,16.7,610,0
72.62,77.3,41.8,13.1,0.26,3,1,16,0,0,0,0,42.9,467,0
327.56,49.2,32.6,6.3,0.78,3,0,15,0,0,0,0,16.3,1011,0
370.61,303.9,30.7,27.4,1.18,2,0,12,0,1,0,1,23.7,982,0
161.24,1.4,16.8,5.7,0.39,4,0,19,0,0,0,0,17.5,306,0
324.19,96.6,40.9,8.9,1.68,4,0,14,0,0,0,1,18.5,1484,0
200.59,162.0,2.0,15.7,0.32,2,0,17,0,0,0,0,5.3,677,0
358.04,79.6,43.6,8.3,1.69,3,0,13,0,0,0,0,53.4,1393,0
103.61,10.7,25.7,6.7,1.33,2,1,16,0,0,0,1,21.3,1356,0
445.66,431.1,20.0,18.2,0.73,5,0,17,0,0,0,0,9.8,768,0
147.27,87.6,24.9,3.1,0.83,2,0,13,0,0,0,0,9.8,205,0
187.05,114.3,33.4,2.2,1.39,2,0,20,0,0,1,1,35.6,765,0
33.76,32.4,0.7,11.5,1.16,5,0,12,0,0,1,0,59.6,1141,0
60.2,79.3,43.6,21.8,1.27,4,0,7,0,1,0,1,13.0,359,0
260.35,67.3,22.4,16.9,0.82,5,1,6,0,0,0,1,10.5,412,0
137.46,9.3,17.2,13.0,0.98,1,0,20,0,0,0,0,29.1,730,0
418.56,13.5,7.0,17.2,1.78,2,0,7,0,0,1,0,36.0,1225,0
12.27,218.0,22.0,11.3,0.54,2,0,20,0,0,0,0,21.2,636,0
192.65,32.9,24.9,28.1,0.87,4,0,11,0,0,1,0,21.6,1303,0
171.99,26.0,20.2,2.1,0.67,3,1,18,0,0,0,0,28.3,773,0
14.57,84.4,34.0,20.4,1.42,5,0,7,0,0,0,1,22.3,449,0
66.56,175.7,21.1,26.8,1.42,3,1,15,1,0,0,0,55.3,314,0
209.75,7.7,48.1,24.2,0.67,1,0,9,0,0,0,0,7.3,1247,0
248.97,103.2,30.0,5.9,0.33,5,0,20,0,0,0,0,17.9,1415,0
205.12,15.2,40.4,9.2,0.22,1,0,15,0,0,1,0,49.5,427,0
267.81,4.5,5.6,21.7,0.88,1,0,8,0,0,0,0,50.9,946,0
299.59,6.5,19.9,3.0,0.86,1,0,11,0,0,0,1,11.1,197,0
9.91,215.6,16.9,24.4,1.78,5,0,17,0,0,0,0,58.6,758,0
234.73,15.1,28.5,21.7,0.95,5,0,17,0,0,0,0,43.1,399,0
481.93,5.5,43.1,22.0,0.61,4,0,18,0,1,1,0,20.0,129,0
261.92,69.1,4.0,3.5,1.63,2,1,19,0,0,0,0,30.1,1197,0
340.38,222.9,3.7,21.7,0.99,3,1,13,0,1,0,0,21.3,271,0
159.37,36.5,42.5,20.6,1.16,3,0,16,1,0,0,1,13.3,1117,0
388.13,65.7,10.7,25.0,0.35,1,1,11,0,0,0,0,21.0,1022,0
387.6,4.9,33.5,1.7,0.81,5,0,7,0,0,0,0,36.9,183,0
263.04,71.5,27.2,1.2,1.71,5,0,10,0,0,0,0,50.4,1084,0
488.13,103.4,41.7,11.5,1.14,1,0,16,0,1,0,0,25.0,1413,0
67.15,101.5,6.3,4.9,0.75,2,1,18,0,0,0,0,24.1,738,0
13.39,48.5,6.6,17.0,1.2,3,0,11,0,0,0,0,30.7,184,0
386.23,45.5,27.9,27.6,1.66,4,0,14,0,0,0,0,40.5,1377,0
404.54,13.5,47.3,12.0,0.64,2,0,11,0,0,0,0,46.3,763,0
64.5,54.8,20.8,25.4,1.01,5,0,15,0,0,0,0,23.0,618,0
136.46,12.6,16.4,0.5,1.73,1,0,10,0,0,0,0,37.2,1430,0
13.69,174.6,30.4,5.5,0.48,3,0,6,0,0,1,0,26.4,283,0
150.19,406.7,46.5,1.4,1.35,1,0,15,0,0,0,1,44.4,1072,0
387.71,421.1,41.9,10.2,1.18,5,1,10,0,0,0,0,14.1,1437,0
261.39,240.4,49.8,27.3,1.29,1,0,10,0,0,0,1,19.1,440,0
177.31,110.2,1.2,3.4,0.76,3,0,11,0,0,0,0,28.4,326,0
189.01,144.8,5.7,18.4,0.7,1,0,12,0,0,0,0,53.9,936,0
5.67,40.3,30.5,13.8,1.29,3,0,18,0,0,0,0,36.5,363,0
153.4,119.6,41.0,28.2,0.54,1,0,18,0,0,0,1,58.1,549,0
325.0,73.0,14.3,4.1,0.87,1,0,9,0,0,0,0,10.7,1374,0
487.23,78.9,12.0,6.8,0.5,3,1,12,0,1,0,0,30.3,269,0
424.3,170.1,39.4,1.4,0.21,1,0,10,0,0,0,0,28.0,665,0
16.68,39.7,2.9,13.3,1.75,2,1,11,0,0,1,0,38.0,231,0
449.79,45.9,18.5,8.7,0.89,4,0,9,0,0,0,0,49.7,926,0
392.68,310.3,25.3,26.2,1.75,2,0,17,0,0,0,0,51.3,705,0
391.29,6.9,28.1,18.3,0.42,4,0,13,0,0,0,0,41.9,1169,0
231.71,79.8,36.5,18.6,1.14,2,0,14,0,0,0,0,40.3,449,0
202.01,292.7,17.8,16.2,0.52,4,0,7,0,0,0,0,57.2,198,0
154.94,113.1,30.7,3.2,1.46,1,0,17,0,0,0,0,26.1,1160,0
37.52,94.9,29.3,13.6,1.45,3,0,16,0,0,0,0,50.8,1108,0
117.98,34.5,27.4,30.0,0.38,3,0,9,0,0,0,0,55.7,174,0
127.07,50.5,32.1,25.1,1.66,5,0,21,0,1,0,0,32.0,157,0
244.62,229.3,13.0,26.9,0.51,4,1,16,0,0,0,0,45.1,1142,0
374.98,98.3,4.3,24.8,1.18,5,0,13,0,0,1,0,25.7,501,0
239.54,86.8,6.1,3.5,1.78,5,0,13,0,0,1,0,13.7,287,0
33.63,12.6,11.3,7.2,1.61,4,0,20,0,0,0,0,37.3,238,0
479.11,1.9,25.1,0.6,1.73,3,0,14,0,0,0,0,15.8,242,0
471.65,397.9,42.0,9.5,0.75,4,0,8,0,0,0,0,30.2,207,0
393.67,56.8,35.1,3.7,0.37,1,0,6,1,0,0,0,53.0,320,0
495.71,110.9,39.5,14.4,0.5,5,0,14,0,0,0,0,9.7,244,0
274.52,10.0,17.6,20.5,1.0,5,0,6,0,1,0,0,6.7,957,0
481.57,137.9,20.3,26.3,1.47,4,0,8,0,0,0,1,38.4,609,0
42.42,323.6,19.7,22.6,0.44,5,0,8,0,1,0,0,23.2,475,0
186.01,102.9,9.7,28.2,1.26,3,0,14,0,0,0,0,28.0,104,0
116.56,16.2,3.2,2.1,0.72,5,0,20,0,0,0,0,27.3,487,0
101.94,104.6,29.6,0.9,0.75,4,0,6,0,0,0,0,9.8,667,0
74.7,174.5,49.5,20.0,1.26,3,0,12,0,0,0,1,5.2,1083,0
313.09,62.6,8.4,9.0,0.95,3,0,7,0,1,0,1,54.4,659,0
391.75,254.3,2.4,8.0,1.5,5,0,12,0,0,0,1,17.0,1286,0
291.26,125.5,39.0,10.3,0.45,4,0,20,0,0,0,1,28.4,464,0
77.75,275.4,12.7,8.5,1.46,5,1,20,0,1,1,0,58.5,516,0
406.51,117.2,41.5,15.6,0.3,1,0,6,0,0,0,0,50.5,120,0
319.8,16.9,35.2,13.5,0.51,1,0,18,0,0,1,1,10.9,713,0
197.14,44.5,47.3,15.6,1.25,3,0,15,0,0,0,0,33.0,616,0
338.69,27.0,20.5,20.3,1.57,5,0,15,0,0,0,1,45.2,1320,0
133.65,287.4,33.1,11.9,0.6,1,0,13,0,0,0,0,43.4,760,0
175.87,171.5,23.3,7.9,0.72,2,0,15,0,0,0,0,46.8,1468,0
459.16,135.4,31.6,5.4,1.06,1,1,18,0,0,0,1,30.2,429,0
148.8,43.0,22.5,10.8,0.54,5,0,15,0,0,0,0,14.7,477,0
237.64,24.4,9.5,22.4,1.5,5,0,7,0,0,1,1,30.6,1334,0
445.62,169.5,25.4,22.8,1.44,1,0,8,0,0,0,0,40.6,259,0
355.32,77.1,26.5,20.2,0.43,5,1,19,0,0,0,0,38.5,757,0
35.79,30.7,40.5,7.4,0.94,5,0,13,0,0,0,1,8.9,453,0
77.92,115.0,36.8,17.8,1.44,2,0,8,0,0,0,0,8.6,1363,0
8.88,4.9,33.2,17.3,0.74,3,0,6,0,0,0,0,58.1,178,0
317.31,47.4,5.8,14.8,1.21,5,0,21,0,0,0,0,13.3,251,0
226.6,75.9,36.1,16.7,0.28,4,0,14,0,0,0,1,21.2,616,0
71.47,19.2,25.1,15.0,1.17,3,1,13,0,0,0,1,47.2,482,0
479.18,501.2,44.7,17.2,0.44,3,0,20,0,0,0,0,27.5,792,0
267.18,28.1,46.0,21.6,1.53,4,0,9,0,1,0,0,15.0,451,0
124.74,16.8,2.9,3.7,0.77,1,0,13,0,0,0,1,30.7,1324,0
252.8,27.3,41.1,22.6,0.65,2,0,19,0,0,1,1,36.3,1050,0
341.41,175.9,2.0,4.5,1.55,5,0,10,0,0,0,0,29.9,232,0
42.74,66.5,18.4,2.5,0.28,1,0,8,0,0,0,0,55.5,733,0
140.98,100.0,27.2,29.3,0.83,4,0,21,0,0,0,1,20.7,268,0
404.45,2.5,7.5,28.7,0.79,2,0,6,0,0,0,0,41.4,965,0
232.53,4.2,37.3,2.3,0.66,2,0,18,0,0,0,1,11.2,490,0
275.56,70.8,0.5,13.6,1.66,2,0,15,0,0,0,0,26.6,919,0
219.24,203.6,8.5,6.0,1.4,4,0,10,0,0,0,0,45.8,197,0
26.73,259.8,29.1,14.8,0.3,1,0,16,0,0,0,0,17.4,1091,0
87.05,10.9,35.7,25.0,1.34,5,0,11,0,1,0,1,37.4,879,0
225.54,92.8,45.8,28.5,1.04,2,1,9,0,1,0,0,13.4,439,0
108.55,293.3,35.3,19.2,1.64,2,0,12,0,0,0,0,10.6,231,0
29.74,58.9,33.6,10.9,0.7,1,0,8,0,0,0,0,33.8,309,0
422.61,212.3,19.8,18.3,1.12,2,0,12,0,0,0,1,42.1,1128,0
490.69,17.2,0.2,9.7,1.0,2,0,19,0,0,0,0,11.2,476,0
397.61,328.7,6.1,27.3,0.98,4,0,6,0,0,0,0,55.5,739,0
427.62,167.0,26.8,26.2,0.93,3,0,12,0,0,1,0,17.4,1177,0
124.78,340.3,33.8,17.0,0.53,1,0,6,0,0,0,0,11.6,1321,0
480.51,135.5,20.9,10.1,1.41,1,0,18,0,0,1,0,16.1,540,0
102.48,54.2,36.6,9.2,0.92,1,0,16,0,0,0,0,14.3,1303,0
475.96,334.0,26.1,1.5,1.73,4,0,6,0,0,0,0,10.0,340,0
497.44,38.7,3.8,24.6,0.62,4,1,7,0,0,0,1,48.9,1443,0
2169.58,0.2,405.8,727.1,10.68,12,5,3,1,1,1,1,93.9,9,1
490.67,144.8,42.0,10.1,1.71,4,0,9,0,0,0,1,26.4,122,0
286.92,173.9,36.3,14.4,1.26,1,0,18,0,1,0,0,57.3,731,0
133.47,318.1,44.7,24.7,1.59,5,0,6,0,0,0,1,25.4,1116,0
221.31,27.5,6.0,4.2,1.52,3,0,9,0,0,0,0,14.2,1303,0
298.81,191.9,49.5,25.8,0.78,2,0,7,0,0,0,0,20.1,274,0
41.18,161.0,10.5,27.0,1.16,2,0,9,0,0,0,0,18.1,297,0
313.06,7.9,0.7,28.4,0.45,5,0,21,0,0,0,0,32.4,198,0
490.68,58.8,49.9,12.2,1.06,3,0,9,0,0,0,0,21.0,844,0
99.1,39.9,14.1,6.9,0.57,2,0,14,0,0,0,0,33.4,552,0
397.33,43.6,33.4,11.5,1.39,5,0,14,0,0,1,0,41.8,1314,0
454.41,488.6,8.9,10.3,1.04,4,0,6,1,0,0,0,47.8,1073,0
472.13,123.5,29.1,5.7,0.86,1,0,10,1,0,0,0,44.1,598,0
480.27,151.8,45.2,18.4,0.63,3,1,12,0,0,1,0,16.3,1314,0
263.12,450.7,16.1,14.6,1.8,2,0,9,0,0,0,0,11.4,240,0
488.77,56.8,33.5,26.0,0.31,1,0,17,0,0,0,0,34.8,872,0
379.87,194.2,9.5,1.4,0.27,5,0,10,0,0,0,0,15.9,274,0
85.03,68.4,31.3,19.5,0.55,2,0,7,0,0,0,0,9.7,519,0
241.07,244.4,16.9,23.0,1.75,1,0,8,0,0,0,0,34.0,775,0
360.57,23.9,10.6,22.9,1.77,4,0,12,0,0,0,1,23.0,631,0
127.43,354.1,15.7,26.6,1.25,3,0,15,0,0,0,0,46.6,1017,0
322.1,29.6,9.0,22.0,1.61,5,0,18,0,0,0,0,22.3,460,0
334.97,47.4,45.1,27.9,0.54,2,0,20,0,1,0,1,58.8,545,0
85.54,169.4,19.9,10.3,1.76,4,1,12,0,0,0,0,46.7,655,0
284.72,60.1,12.3,15.3,0.43,3,1,9,0,0,0,0,8.2,807,0
386.96,112.4,22.5,0.9,0.36,3,0,17,0,0,0,0,33.0,1480,0
251.95,70.6,16.1,0.7,0.38,4,1,6,0,0,0,0,35.9,660,0
10.99,162.7,37.2,7.6,1.12,2,0,6,0,0,0,0,43.2,1096,0
9.47,31.1,48.6,3.5,1.45,3,0,21,0,0,0,1,32.4,158,0
181.73,7.2,22.0,8.2,0.79,5,0,9,0,0,0,0,31.6,984,0
463.47,42.8,43.1,5.7,1.76,1,0,9,0,0,0,0,25.2,1290,0
118.2,77.2,28.3,1.3,0.9,5,1,11,0,0,0,0,19.9,1066,0
319.01,22.1,7.9,27.3,0.44,3,0,12,0,0,0,1,57.0,1044,0
114.93,52.6,34.6,0.7,0.95,1,0,14,0,0,1,1,22.5,362,0
164.23,61.3,25.7,22.2,1.29,4,0,14,0,0,0,0,8.5,295,0
424.78,7.1,32.6,5.0,1.53,1,1,15,0,0,1,0,14.2,453,0
365.79,105.0,44.5,27.4,0.93,1,0,17,0,1,0,0,52.2,985,0
52.22,258.9,22.1,26.8,1.15,1,1,20,0,0,1,0,37.3,1040,0
217.21,19.7,45.1,19.8,0.63,3,0,17,0,0,0,0,47.8,1014,0
19.44,109.3,37.6,20.3,1.23,2,0,10,0,0,1,0,49.5,146,0
243.04,131.1,24.5,0.7,1.78,3,0,15,0,0,0,1,50.3,852,0
332.9,65.2,30.2,29.6,0.28,2,0,16,0,0,1,0,35.3,1432,0
63.66,144.9,16.3,26.4,1.62,4,0,8,0,0,0,0,14.7,329,0
148.0,63.5,49.2,26.9,1.1,4,0,8,0,0,0,0,13.2,856,0
201.93,84.3,33.4,19.9,0.6,4,0,20,0,0,0,0,36.6,415,0
460.17,0.9,2.3,10.7,1.73,4,0,11,0,0,0,0,25.2,861,0
496.66,141.2,16.4,26.9,0.97,4,0,6,0,0,0,1,35.7,1200,0
27.23,129.9,31.2,9.1,0.73,5,0,12,0,0,1,0,32.4,161,0
381.7,4.7,2.9,17.1,0.49,3,0,8,0,0,0,1,38.1,337,0
189.0,55.1,1.3,3.4,0.59,2,0,10,0,0,0,0,6.8,177,0
199.27,463.8,22.6,27.7,1.53,4,0,21,0,0,0,0,6.8,833,0
378.36,65.5,16.7,4.7,1.18,5,0,12,0,0,0,0,44.7,658,0
459.62,83.6,22.0,7.1,1.66,5,0,12,0,0,0,0,15.6,1043,0
475.71,288.9,13.2,17.0,0.57,5,0,21,0,0,1,0,40.9,749,0
290.68,151.6,8.3,23.0,0.39,3,0,14,0,0,0,0,35.1,1147,0
181.77,104.7,34.5,18.8,0.21,4,1,6,0,0,0,0,59.0,1152,0
394.84,191.8,25.8,7.3,1.01,5,0,8,0,0,0,1,50.9,1258,0
129.25,239.7,10.1,0.5,1.8,5,1,14,0,0,0,0,27.7,450,0
284.22,73.3,16.0,22.8,1.31,4,0,13,0,0,0,0,38.9,1012,0
182.5,77.3,29.6,29.6,0.69,3,0,7,0,0,0,0,11.5,449,0
330.03,58.5,3.7,24.4,1.6,5,0,13,1,0,0,0,26.3,1404,0
124.0,408.3,7.5,14.1,1.45,2,0,13,0,1,0,0,45.4,575,0
99.84,143.3,3.8,27.2,0.22,1,0,7,0,0,0,0,39.2,391,0
459.53,10.4,40.6,12.6,1.51,1,0,13,0,0,0,0,31.6,1312,0
55.39,238.5,37.6,16.0,0.68,1,0,8,0,0,1,0,14.7,987,0
255.45,78.6,37.7,14.6,0.44,3,0,12,0,0,0,1,49.2,567,0
114.32,8.5,35.8,13.7,0.56,5,0,18,0,0,0,1,20.0,1329,0
24.27,95.7,33.5,23.4,0.95,1,0,14,0,0,0,0,50.1,1365,0
22.83,64.8,23.9,16.0,0.88,1,0,9,0,0,0,0,38.6,405,0
91.73,252.2,32.1,9.8,0.66,4,0,20,0,0,0,1,25.5,1307,0
434.05,27.4,2.0,8.1,0.48,5,0,16,0,0,0,0,7.2,577,0
144.83,210.2,31.1,1.6,1.42,5,0,11,0,0,0,0,17.8,1251,0
475.48,97.9,38.9,17.7,1.78,4,0,14,0,0,0,1,53.9,548,0
292.9,6.7,25.1,7.3,1.44,5,0,16,1,0,0,0,50.0,329,0
221.12,428.4,17.9,4.9,0.67,2,0,21,0,0,0,1,36.6,1164,0
292.14,86.2,13.9,19.8,0.59,3,0,16,0,0,0,0,30.6,892,0
260.77,41.2,32.2,20.6,0.55,4,0,10,0,0,0,0,40.6,773,0
380.59,76.1,34.7,22.7,0.42,1,0,17,0,0,0,0,30.6,923,0
144.84,234.1,43.6,15.4,1.08,5,0,6,0,0,0,1,40.4,1463,0
179.76,43.6,17.2,26.9,1.17,2,0,8,0,1,1,0,21.9,935,0
447.58,25.7,38.5,28.1,1.33,2,0,16,0,0,0,0,51.1,1144,0
473.5,16.6,28.1,24.3,1.29,3,1,20,0,1,0,1,43.6,446,0
446.82,42.4,44.2,19.3,0.67,2,0,14,0,0,1,1,23.1,109,0
212.63,181.7,26.4,9.5,0.73,5,0,21,0,0,0,1,50.7,186,0
391.28,76.6,25.9,29.5,1.29,5,0,8,0,0,0,0,31.8,644,0
240.79,31.0,28.9,8.6,0.76,2,0,16,0,0,0,1,14.6,972,0
251.28,21.8,37.5,6.5,0.54,5,0,16,0,0,0,0,9.3,1462,0
106.32,48.5,48.2,13.5,0.8,5,0,15,0,0,1,0,43.5,814,0
297.61,337.5,3.8,2.2,0.64,1,0,7,0,0,0,1,52.6,103,0
97.14,50.4,2.8,29.4,0.34,4,0,9,1,0,1,0,49.4,1146,0
169.12,532.0,46.9,17.9,1.53,5,0,10,0,0,0,0,41.1,1320,0
428.24,79.7,26.5,16.9,1.56,5,0,12,0,1,0,0,12.8,1000,0
107.5,23.7,30.8,19.8,0.55,3,0,12,0,0,0,1,10.2,372,0
40.22,266.1,24.2,15.2,0.3,4,0,14,0,0,1,0,24.0,1230,0
39.16,74.0,4.8,1.4,1.38,4,0,18,0,0,0,0,52.0,980,0
470.69,148.4,38.4,18.6,0.54,4,0,13,0,1,0,0,57.9,1323,0
255.93,494.1,37.4,21.6,0.83,2,0,18,0,0,0,0,18.3,1035,0
207.66,6.2,15.7,12.8,0.3,1,0,20,0,1,0,1,46.9,101,0
406.38,12.2,15.4,22.8,0.56,1,0,21,0,0,0,0,36.6,1244,0
418.73,153.0,41.9,7.2,1.47,3,1,7,0,0,0,0,6.7,248,0
169.43,39.7,3.7,7.0,1.49,4,0,17,0,0,1,1,34.9,1047,0
348.34,24.4,44.1,5.3,0.53,4,1,13,0,0,0,0,49.3,251,0
386.71,4.8,12.9,11.5,0.74,5,0,13,0,0,0,0,20.2,405,0
329.05,2.7,29.7,25.5,0.41,2,0,10,0,0,0,0,54.4,981,0
80.04,178.7,46.8,24.9,0.32,2,0,20,0,0,0,1,18.0,574,0
438.56,17.3,33.9,11.8,1.79,3,0,18,0,0,0,0,9.2,1487,0
271.85,75.7,20.8,17.9,1.25,1,0,8,0,0,1,0,13.8,906,0
144.82,111.7,34.5,21.8,1.07,4,0,14,0,0,0,0,51.0,1194,0
215.49,67.1,17.3,7.6,1.42,3,0,17,0,0,0,0,28.0,132,0
23.6,3.3,13.9,5.5,1.54,2,0,12,1,0,0,1,48.8,1280,0
68.29,183.6,49.8,29.2,1.49,2,0,6,0,0,0,1,34.2,1453,0
383.95,1.3,37.6,18.7,0.23,2,1,13,0,1,0,0,31.4,877,0
5.01,172.2,32.3,29.5,0.5,4,0,15,0,0,0,0,49.4,1282,0
211.2,268.5,17.8,10.5,1.25,4,0,18,0,0,0,1,28.3,894,0
263.64,68.1,2.6,21.2,0.8,4,0,10,0,0,0,0,49.1,1350,0
32.04,92.0,1.6,7.1,1.77,5,0,11,0,0,0,0,10.5,1375,0
486.67,77.8,27.8,8.2,1.26,1,0,14,0,0,0,1,40.0,466,0
116.93,59.2,38.1,15.6,1.73,2,0,15,0,0,1,0,43.6,361,0
155.58,262.1,26.9,9.9,0.52,2,1,20,0,0,0,0,54.5,745,0
155.45,269.2,42.1,5.4,1.58,5,0,19,1,0,0,0,17.3,637,0
119.06,49.1,1.8,8.3,0.71,2,0,13,0,0,0,1,38.2,1166,0
5.73,114.6,18.4,1.6,1.78,2,0,19,0,0,0,0,28.8,115,0
366.03,313.9,11.9,21.3,0.45,4,0,16,0,1,0,1,26.1,204,0
483.59,392.6,22.4,15.0,1.03,4,0,19,0,1,1,1,10.9,890,0
116.03,85.3,3.7,3.3,1.47,1,0,19,0,0,0,1,12.4,1326,0
333.21,72.4,47.7,5.6,0.89,2,0,8,0,0,0,1,51.0,819,0
372.24,39.2,11.2,3.5,0.95,3,0,18,0,0,0,0,46.2,1182,0
424.97,382.9,46.1,18.6,1.78,2,0,10,0,0,0,1,26.0,1108,0
214.2,18.5,21.4,3.3,0.88,2,0,21,0,0,0,0,50.6,147,0
154.95,104.1,49.3,22.8,1.17,1,0,9,0,0,0,1,9.4,759,0
166.02,39.8,27.7,1.1,0.29,3,0,19,0,0,1,0,39.4,1400,0
357.75,39.3,46.5,7.9,1.55,2,0,6,0,0,0,0,52.7,1301,0
409.31,62.3,0.4,26.8,1.24,3,0,10,0,0,0,0,51.1,900,0
94.9,806.3,37.4,21.7,0.85,4,0,15,0,0,0,1,25.5,213,0
2168.84,3.1,380.0,210.3,14.4,21,5,22,1,1,1,0,92.0,44,1
451.46,103.7,7.1,24.7,1.15,3,0,6,0,0,0,0,28.5,537,0
404.31,10.3,4.9,15.0,0.22,2,0,9,0,1,0,1,51.2,365,0
492.5,20.1,21.3,25.5,0.2,3,0,11,0,0,0,0,34.2,261,0
378.35,69.5,46.7,18.2,1.19,3,0,16,0,0,0,0,47.1,603,0
199.63,85.7,27.2,20.6,0.5,4,0,17,0,0,0,0,9.3,1159,0
297.37,35.9,26.4,29.8,0.51,3,0,14,0,0,0,0,37.5,686,0
332.2,45.7,7.1,7.4,1.25,5,0,16,0,0,0,0,35.3,557,0
1723.01,2.2,1411.4,219.9,13.75,15,3,23,1,0,1,1,96.5,16,1
274.53,43.4,40.5,14.1,0.7,4,0,7,0,0,0,0,43.3,1494,0
356.11,407.8,4.5,1.7,0.44,2,0,16,0,0,1,0,55.5,371,0
87.82,347.4,31.7,0.9,1.13,2,0,8,0,0,0,0,48.2,1302,0
391.41,48.9,45.7,4.0,1.26,4,0,15,0,0,1,1,17.1,579,0
293.97,101.5,10.5,19.6,1.35,2,1,18,0,0,0,0,50.4,1056,0
476.35,288.4,33.3,17.2,0.61,1,0,10,0,0,0,0,11.7,258,0
26.0,0.7,4.0,16.8,0.34,5,0,16,0,0,0,0,39.2,854,0
136.34,199.7,30.2,1.4,0.33,1,1,12,0,1,0,1,53.6,303,0
302.77,355.6,8.3,14.3,0.88,1,0,8,0,0,0,1,10.6,894,0
151.8,11.5,36.8,27.8,1.71,1,0,17,0,0,0,0,51.7,1401,0
358.64,21.1,15.1,12.2,0.55,4,0,12,0,0,0,0,48.9,1266,0
1423.62,5.0,893.8,312.4,7.99,16,5,2,0,1,1,0,93.2,58,1
55.75,92.5,30.0,23.5,0.36,3,0,15,0,0,0,0,22.0,215,0
259.36,1.7,8.6,23.6,1.17,2,0,11,0,0,0,0,27.3,491,0
1001.5,1.0,903.3,751.6,5.59,24,4,1,0,1,1,0,93.2,24,1
187.79,71.7,15.2,25.8,1.23,3,0,16,0,0,0,0,16.1,1496,0
466.8,141.7,33.2,12.0,1.58,3,0,16,0,0,0,1,36.9,787,0
414.62,158.5,8.0,26.7,0.98,5,0,19,0,1,0,0,9.6,1029,0
350.12,646.4,34.4,7.6,0.42,5,0,17,0,0,0,0,17.0,825,0
358.59,40.7,6.5,8.8,0.66,3,0,9,0,0,1,0,47.0,468,0
233.55,92.7,21.3,2.1,1.26,5,0,17,1,0,0,0,21.6,1338,0
460.89,91.5,12.4,24.0,1.18,2,0,13,0,0,0,0,59.2,668,0
348.82,62.4,37.4,12.8,1.05,2,0,14,0,0,0,0,32.5,1000,0
365.85,22.2,13.2,7.3,1.29,5,0,7,0,0,1,1,33.4,840,0
431.54,455.1,44.1,7.3,1.22,1,0,14,0,0,0,1,7.0,426,0
140.67,230.3,44.6,27.1,1.61,3,0,16,0,0,0,1,57.6,136,0
404.5,82.8,9.9,25.1,1.14,2,0,17,0,0,0,0,14.6,1085,0
101.64,110.9,30.7,16.8,1.45,5,0,9,0,0,1,1,34.6,479,0
175.94,30.9,4.5,18.7,0.6,5,0,11,0,0,1,0,26.8,895,0
171.13,94.2,19.6,14.5,1.29,2,0,21,0,0,0,0,27.9,1447,0
489.37,142.5,35.7,12.1,1.64,2,0,19,0,0,0,0,40.4,468,0
428.99,86.9,33.0,27.5,0.82,1,0,12,0,0,0,0,41.4,323,0
352.08,556.1,31.3,4.2,1.45,5,0,9,0,0,0,1,13.5,913,0
364.89,113.4,14.2,12.8,1.36,5,0,13,0,0,0,0,32.5,1223,0
283.23,55.6,19.0,10.7,0.3,4,0,18,0,0,0,0,48.5,1198,0
473.81,177.5,5.2,15.2,1.13,1,0,19,0,0,0,0,29.4,823,0
250.65,22.4,36.0,14.0,0.41,2,0,15,0,0,0,1,14.1,802,0
193.36,58.2,25.2,15.8,1.75,2,0,13,0,0,0,1,22.2,1491,0
85.7,51.1,35.5,4.6,1.5,3,0,6,0,1,1,0,16.7,162,0
394.17,67.8,12.5,15.6,0.38,2,0,13,0,0,0,0,11.9,198,0
368.55,182.7,16.3,7.7,0.39,5,0,15,0,0,0,1,25.8,876,0
195.26,79.4,16.8,5.9,1.15,2,0,19,0,0,0,0,34.8,1348,0
17.47,189.6,1.4,2.4,0.75,5,0,17,0,0,0,0,9.0,174,0
420.3,103.1,17.1,23.0,0.26,5,0,8,0,0,0,0,38.2,283,0
10.65,50.2,40.2,13.1,1.07,1,0,21,0,1,1,0,59.6,1416,0
353.33,199.3,44.9,19.0,0.82,2,1,10,0,0,0,0,58.0,1180,0
485.28,32.7,26.0,22.0,0.36,1,0,19,0,1,0,0,50.6,1372,0
221.64,30.5,22.8,20.5,1.48,5,1,15,0,0,0,0,19.6,568,0
121.31,84.3,1.6,14.4,1.66,2,0,13,0,0,1,1,6.2,239,0
353.91,36.3,44.0,11.9,1.41,2,0,16,0,0,0,0,50.8,458,0
409.48,1.1,0.7,11.6,1.52,1,0,11,0,1,0,0,8.1,1079,0
275.48,125.4,47.2,19.4,0.55,1,0,9,0,0,0,0,16.3,1355,0
483.68,85.9,24.5,15.1,0.62,5,0,20,0,0,1,0,34.9,399,0
30.58,70.8,17.2,25.5,0.53,5,0,9,0,0,0,0,14.8,525,0
254.87,409.2,46.2,26.3,1.42,2,0,17,0,0,0,1,50.9,1094,0
360.63,101.6,1.3,5.5,1.72,2,0,9,0,0,1,0,47.7,260,0
432.01,238.9,29.1,4.5,1.35,4,0,11,0,0,0,0,46.6,500,0
93.73,18.0,27.5,19.1,1.61,4,0,12,0,0,0,0,49.9,1380,0
401.0,101.1,11.0,9.4,1.22,3,0,18,0,0,0,0,17.1,840,0
1683.0,1.4,760.8,338.3,11.18,11,5,1,1,0,0,1,86.8,56,1
201.29,105.0,32.6,26.7,0.88,3,0,15,0,0,0,0,24.5,593,0
70.2,151.9,36.4,7.2,0.32,3,0,19,0,0,0,1,41.7,588,0
433.32,55.8,0.1,27.9,0.25,1,0,13,0,0,0,1,11.7,1305,0
2234.07,0.1,441.0,215.8,12.4,23,3,4,1,0,1,0,85.3,54,1
158.34,73.5,8.3,23.0,0.9,4,0,12,0,0,0,0,58.5,1223,0
148.57,60.2,11.8,6.4,1.08,3,0,13,0,0,0,0,7.4,836,0
436.35,242.1,13.2,7.4,1.09,4,0,20,1,0,0,1,10.2,457,0
2882.55,3.8,940.2,739.5,5.62,21,3,3,0,0,1,0,88.1,37,1
399.36,408.4,6.2,5.6,0.96,2,0,13,0,0,0,0,28.7,664,0
128.98,380.8,49.3,9.5,0.95,1,0,18,0,0,1,0,21.0,1129,0
314.31,34.1,15.8,10.0,0.82,5,0,11,0,0,0,0,49.4,189,0
288.01,51.3,5.9,5.2,1.51,5,0,8,0,0,0,1,31.1,163,0
417.25,271.1,5.4,6.6,0.92,1,0,18,0,0,1,0,31.6,1211,0
453.51,408.0,36.0,23.8,1.17,1,0,13,0,0,1,0,44.4,1156,0
11.02,70.3,42.7,5.4,1.63,3,0,18,0,0,0,0,24.9,1195,0
770.1,0.2,1423.9,448.7,9.57,22,4,1,1,0,0,0,88.7,11,1
30.66,89.6,1.1,19.1,1.62,5,1,15,0,0,0,0,46.6,206,0
276.69,139.7,11.2,29.3,0.63,3,0,10,0,0,0,0,47.9,1029,0
147.38,38.3,2.9,10.3,0.26,3,0,16,0,0,1,0,5.8,613,0
156.85,160.0,5.3,4.0,0.62,5,0,9,0,0,0,0,12.9,235,0
179.71,6.4,21.6,17.3,0.65,5,0,6,0,0,0,0,16.7,728,0
521.86,2.0,422.2,277.4,8.58,20,4,3,1,0,0,0,97.7,10,1
170.35,58.6,25.8,23.6,1.24,4,0,8,0,0,0,1,21.0,220,0
367.69,52.3,12.7,18.9,0.33,5,0,7,0,0,0,1,41.8,899,0
205.24,45.5,47.0,9.8,0.42,1,0,13,0,0,1,0,50.5,923,0
38.83,81.0,45.3,16.5,0.45,2,0,19,0,0,0,0,15.6,1217,0
392.96,46.4,28.4,3.2,1.21,4,0,13,1,0,0,1,36.0,604,0
146.45,25.6,17.8,20.5,1.38,1,0,17,1,0,0,0,25.2,106,0
219.22,44.4,19.1,21.9,1.58,1,1,10,0,0,0,1,32.8,1043,0
1960.54,4.6,882.1,439.5,14.36,18,2,22,1,1,1,1,89.6,51,1
169.57,63.5,36.4,8.2,0.52,2,0,19,0,0,0,0,54.1,556,0
33.01,70.6,22.6,1.0,0.7,1,0,10,0,0,0,0,15.6,485,0
190.09,103.1,42.9,16.6,0.58,3,0,21,0,0,0,0,9.8,902,0
472.5,491.4,47.2,21.4,0.77,4,0,20,0,0,0,0,39.5,965,0
322.66,33.2,16.9,23.8,1.66,4,0,16,0,0,1,1,26.7,1122,0
337.38,137.2,28.1,6.2,1.12,5,0,9,0,0,0,1,14.0,377,0
317.98,151.0,4.8,8.2,1.38,2,0,6,0,0,0,0,11.4,926,0
103.5,112.2,10.1,15.6,0.98,3,0,6,0,0,0,0,35.7,1044,0
212.08,11.1,20.7,10.3,0.25,3,0,18,0,0,0,0,21.5,151,0
376.72,135.6,10.4,25.9,0.3,5,0,11,0,0,0,0,59.9,495,0
55.18,7.9,43.8,14.5,1.06,1,0,20,0,0,1,0,27.3,878,0
142.54,108.8,8.0,24.1,1.35,1,0,9,0,1,0,1,16.7,793,0
141.78,161.5,22.8,17.6,0.54,3,0,9,0,0,1,0,39.6,310,0
218.85,28.4,30.3,23.3,1.36,2,0,8,0,0,0,0,18.4,989,0
490.28,221.1,34.6,10.3,1.5,1,0,19,0,1,0,0,32.2,369,0
38.41,3.7,19.2,25.0,0.86,4,1,14,0,0,1,0,31.5,644,0
261.76,222.8,43.5,8.6,1.39,5,0,8,0,0,0,0,29.9,1106,0
93.79,74.0,28.5,16.6,0.85,2,0,13,1,0,0,0,48.8,944,0
485.48,29.4,22.0,6.8,1.29,1,0,7,0,0,0,0,16.9,1115,0
61.09,17.2,3.5,14.5,1.42,3,0,9,0,0,0,1,54.7,1405,0
1954.94,1.2,1373.7,279.8,8.88,12,4,2,0,0,1,0,96.9,47,1
370.25,9.1,41.1,8.4,0.75,1,0,16,0,1,0,0,23.3,1339,0
353.75,26.6,30.8,29.0,0.86,3,1,10,0,0,0,1,14.9,1444,0
214.25,51.3,41.6,5.2,0.46,1,1,7,0,0,0,1,20.4,913,0
176.53,116.2,24.8,23.7,0.53,5,0,16,0,0,0,0,23.3,738,0
201.82,94.4,6.0,29.5,1.31,4,0,18,0,0,1,0,35.6,592,0
135.82,16.1,0.8,1.1,1.67,4,0,6,0,0,0,1,7.6,1050,0
106.64,41.1,15.2,21.1,0.83,3,0,6,0,0,0,0,55.3,227,0
244.1,32.7,34.9,8.0,0.49,4,0,7,0,0,0,0,10.4,173,0
137.92,28.8,39.5,1.7,0.66,5,0,10,0,0,0,0,20.4,551,0
147.29,63.5,14.9,12.4,0.93,3,0,17,0,0,0,0,11.0,537,0
330.09,146.1,24.8,28.1,0.67,1,0,20,0,0,0,0,19.1,1379,0
484.43,29.4,21.1,0.8,0.57,2,0,20,0,0,1,0,51.1,547,0
303.8,54.8,20.6,17.8,1.38,1,1,14,0,0,1,1,38.8,1225,0
43.1,59.5,11.6,15.3,0.21,5,1,11,0,0,0,1,17.5,658,0
42.41,449.9,6.9,26.3,1.06,3,0,17,0,0,0,1,52.9,1069,0
475.95,371.2,9.9,3.0,1.47,1,0,9,0,0,0,0,49.0,1036,0
152.16,193.2,2.9,20.6,0.63,3,1,20,0,0,0,0,46.5,382,0
50.57,33.2,10.0,20.6,1.17,4,0,8,0,0,0,1,51.6,859,0
301.53,8.5,0.6,20.2,1.27,2,0,13,0,0,0,0,39.1,1327,0
313.71,45.7,31.4,28.3,1.25,5,0,8,0,0,0,0,32.6,185,0
326.01,37.2,15.9,24.8,0.91,1,0,6,0,0,0,0,25.6,1447,0
137.36,84.6,48.7,1.7,0.75,2,0,9,0,0,0,0,17.3,263,0
12.48,180.5,9.8,14.4,1.54,5,0,16,0,0,0,0,35.7,976,0
482.68,234.5,17.4,12.2,1.41,5,1,18,0,1,0,0,53.9,1180,0
129.19,223.6,18.0,9.6,0.71,4,0,10,0,0,0,1,37.7,305,0
339.63,53.5,0.5,13.8,0.36,3,0,21,0,1,0,0,55.6,247,0
354.78,139.5,42.0,11.8,0.31,3,0,10,0,0,1,1,24.6,1424,0
306.95,45.0,1.7,13.3,0.35,2,0,21,0,0,1,1,43.2,890,0
159.89,7.5,47.0,29.4,1.13,4,0,10,0,0,0,0,40.7,1413,0
139.19,145.1,44.6,3.1,0.28,5,0,13,0,0,0,1,41.9,1144,0
300.85,1.2,26.8,27.7,0.74,4,0,21,0,0,0,0,40.5,1046,0
433.72,63.1,27.2,14.7,1.41,4,0,13,0,0,0,0,17.2,1260,0
1893.94,1.0,1060.5,648.9,10.71,22,5,2,0,1,1,0,81.5,6,1
57.42,141.9,19.4,25.0,1.42,3,0,18,0,0,0,0,58.8,656,0
81.64,174.4,32.4,11.1,1.39,4,0,9,0,0,0,0,7.5,860,0
472.64,43.5,2.3,13.2,0.59,4,0,20,0,0,0,0,30.7,129,0
369.58,200.3,2.8,12.6,1.37,4,0,14,0,0,0,0,28.4,324,0
442.08,41.8,22.9,11.6,1.4,1,0,21,0,0,0,0,24.8,528,0
105.3,70.9,27.5,27.8,0.84,4,0,6,0,0,0,0,48.0,628,0
295.86,155.8,44.4,25.0,0.54,4,0,10,0,0,0,0,46.0,1151,0
352.06,141.7,5.3,3.7,1.03,5,0,10,0,0,0,0,54.8,225,0
341.66,524.6,41.2,3.7,1.67,1,0,10,0,0,0,1,26.8,912,0
207.04,30.6,10.6,13.1,1.22,4,0,13,0,0,0,0,36.0,598,0
12.62,130.3,19.8,3.4,0.48,4,0,14,0,0,0,1,54.1,1310,0
2261.45,0.8,952.2,258.1,12.37,23,5,3,1,1,1,0,85.5,45,1
130.29,296.0,20.1,4.7,0.88,2,0,14,0,0,0,0,58.3,1495,0
227.88,20.4,7.6,15.9,1.15,1,0,18,0,0,0,0,44.5,237,0
479.0,167.2,25.2,0.7,1.37,5,0,16,0,0,0,0,12.9,1093,0
202.52,100.8,40.1,9.8,1.02,1,0,13,0,0,0,1,6.3,1460,0
420.7,38.5,22.1,20.5,1.5,1,0,8,0,0,0,0,50.4,840,0
98.33,77.2,24.6,14.8,1.36,2,0,7,0,0,0,0,51.3,313,0
337.87,48.7,42.5,29.4,1.18,2,1,20,0,0,0,0,46.0,390,0
488.62,103.9,35.3,26.3,0.44,5,0,9,0,0,0,0,20.4,1043,0
55.44,263.8,24.6,11.1,1.54,4,0,20,0,0,0,1,40.2,470,0
9.12,101.1,13.0,1.8,1.7,5,0,18,0,0,0,0,22.4,629,0
219.62,119.9,44.3,25.4,0.42,4,1,17,0,0,0,1,29.8,791,0
50.85,87.8,28.9,27.4,0.98,3,0,7,0,0,1,0,26.0,648,0
375.45,6.3,11.1,24.7,0.61,2,0,9,0,0,1,0,55.3,1419,0
457.7,31.8,13.5,4.3,1.41,3,0,10,0,0,0,0,17.9,873,0
219.84,81.3,40.2,29.9,1.35,3,0,7,0,0,0,0,36.8,1116,0
133.06,44.6,2.3,8.1,0.43,2,0,17,0,0,0,1,24.9,518,0
220.03,24.1,49.6,21.9,1.6,3,0,13,0,1,1,0,41.5,460,0
363.11,84.2,6.6,27.3,0.49,1,0,6,0,0,0,0,36.1,1281,0
9.48,46.8,39.8,7.5,1.48,4,0,8,0,0,0,1,55.8,1198,0
296.78,35.8,19.8,27.3,0.93,5,0,12,0,0,0,0,10.6,1495,0
308.58,74.8,24.7,9.6,0.73,2,0,15,0,0,0,0,17.1,1019,0
320.66,17.2,44.0,29.3,0.45,1,0,6,0,0,0,0,47.1,666,0
124.8,315.3,20.7,8.8,0.47,5,1,18,0,0,0,0,25.3,817,0
358.46,242.7,26.9,28.6,1.26,5,0,16,0,0,0,0,14.1,826,0
50.24,147.6,2.6,2.1,1.08,5,0,20,0,0,0,0,32.7,1229,0
103.64,13.5,0.2,21.4,0.4,3,0,7,0,0,1,1,40.9,466,0
439.35,179.5,12.3,16.2,0.38,3,1,8,0,0,0,0,7.5,501,0
370.67,198.0,34.1,14.6,0.32,3,0,19,0,0,0,1,21.0,202,0
11.8,175.2,6.2,7.1,1.39,3,0,21,0,0,0,0,49.5,886,0
127.95,14.5,5.8,21.3,1.34,1,0,19,0,0,0,0,33.6,424,0
111.13,123.9,20.6,6.1,0.29,3,0,7,0,0,0,1,6.9,472,0
139.05,215.7,32.4,16.8,1.1,2,0,7,0,1,0,1,20.5,437,0
127.54,103.3,35.6,8.0,0.34,5,0,17,0,0,1,0,40.2,990,0
35.95,124.8,9.0,28.7,1.65,1,0,16,0,0,0,0,16.0,1156,0
232.18,73.6,4.1,1.3,1.65,3,0,11,0,0,0,1,50.5,1231,0
2444.33,3.3,1015.3,375.1,10.27,24,2,2,1,0,1,1,82.3,39,1
305.33,4.2,13.1,7.6,1.68,1,0,11,0,0,0,1,30.9,1196,0
338.07,122.3,42.7,12.7,1.5,5,0,16,0,0,0,0,55.4,1304,0
45.17,10.2,43.2,7.4,1.53,1,0,11,0,0,0,0,26.5,1275,0
475.99,68.5,38.6,15.0,1.11,4,0,20,0,0,0,0,17.9,1191,0
420.05,41.5,8.5,26.2,0.69,1,0,14,0,0,0,1,41.4,1495,0
403.52,94.6,41.1,21.5,0.55,3,0,13,0,0,0,0,36.5,1471,0
1816.01,0.3,568.3,622.3,4.92,22,3,2,1,1,1,0,81.4,7,1
466.69,141.2,29.9,3.1,1.21,5,0,13,0,0,0,1,23.9,131,0
274.41,190.2,16.9,21.0,0.48,5,0,11,0,0,0,0,26.9,1026,0
104.14,21.4,13.2,5.4,0.61,2,0,10,0,0,0,1,21.0,719,0
310.31,13.2,6.2,23.7,0.95,2,0,14,0,0,1,0,44.1,1202,0
372.73,18.9,25.5,7.9,0.57,3,0,17,0,0,0,0,40.8,1382,0
370.27,251.6,29.3,12.8,1.14,4,1,7,0,0,0,0,29.2,977,0
263.12,90.1,18.0,10.8,1.68,2,1,12,0,0,0,0,26.9,274,0
38.89,75.6,23.8,25.8,1.4,1,0,11,0,0,0,0,25.1,1490,0
188.7,13.5,18.2,4.2,1.27,3,0,12,0,0,0,0,20.6,114,0
460.78,125.8,32.1,17.2,1.13,4,0,17,0,0,0,0,9.7,1174,0
294.3,243.0,45.1,4.7,0.98,1,0,9,0,0,0,1,19.8,206,0
271.47,211.4,8.3,21.3,0.5,5,0,14,0,0,0,0,22.7,568,0
138.08,118.0,19.1,27.2,1.63,2,0,12,1,0,0,0,35.1,301,0
187.38,9.4,7.1,13.3,0.6,1,1,7,0,0,0,0,47.6,1341,0
448.2,14.3,31.3,14.9,0.35,4,0,18,0,0,0,0,26.8,1164,0
334.9,6.1,36.5,27.9,1.4,3,0,9,0,0,0,1,57.0,1016,0
394.76,35.7,46.6,15.9,0.48,1,0,10,0,0,0,0,50.5,435,0
229.9,17.5,14.0,14.9,0.8,3,0,7,0,0,0,0,59.2,204,0
316.97,36.1,47.5,17.6,0.25,5,0,15,0,0,0,1,53.2,302,0
127.95,58.3,3.3,20.8,0.42,4,0,13,0,0,0,0,38.9,1218,0
354.2,343.7,30.2,3.7,0.48,4,0,6,0,0,0,0,37.9,1300,0
216.66,113.1,3.0,24.7,0.29,2,0,20,0,0,0,1,12.1,164,0
224.06,216.2,44.7,13.3,1.25,4,0,8,0,0,0,1,44.7,652,0
326.41,148.7,26.5,2.6,1.54,1,0,20,0,0,1,0,38.0,323,0
468.46,14.3,33.5,23.7,0.8,1,0,19,0,0,0,0,32.9,479,0
36.68,159.8,41.6,11.6,1.6,1,0,6,0,0,0,1,43.1,354,0
413.25,38.6,7.6,3.5,0.54,5,0,20,0,0,0,0,29.4,1421,0
149.73,122.3,2.0,19.2,0.72,4,1,10,0,1,0,1,33.8,270,0
224.74,50.0,44.0,26.5,0.44,4,0,13,0,0,0,1,26.9,712,0
15.85,727.5,15.8,26.7,1.19,1,0,12,0,0,0,0,44.5,751,0
154.02,36.7,6.5,28.8,0.87,2,0,14,0,0,0,0,53.2,817,0
253.8,39.3,23.5,26.1,1.18,2,0,7,0,0,0,0,51.2,931,0
32.81,320.3,30.0,0.6,1.42,4,1,21,0,1,0,0,48.2,1487,0
248.09,3.0,1.6,11.7,1.07,4,0,17,0,0,0,0,5.8,918,0
463.92,143.2,13.8,24.6,1.2,3,0,13,0,0,0,1,55.2,172,0
57.17,155.1,1.7,11.3,1.7,4,0,13,0,0,0,0,20.1,1183,0
383.4,217.2,21.1,18.2,0.68,1,0,19,0,0,0,0,53.8,554,0
207.79,440.0,44.8,18.4,0.77,5,0,11,0,0,0,1,15.8,435,0
329.31,445.6,49.1,11.3,1.35,4,0,8,1,0,0,0,29.2,767,0
133.82,8.1,31.9,27.2,1.18,4,0,7,0,0,0,0,46.2,1247,0
83.95,207.0,8.2,15.3,0.49,1,1,19,0,0,0,0,40.2,113,0
84.43,124.7,45.3,14.2,0.8,3,0,13,0,0,0,0,27.9,126,0
39.89,125.1,25.9,29.9,0.95,4,0,11,0,0,0,1,42.3,1173,0
96.9,16.5,7.8,15.1,0.87,2,0,9,1,0,0,0,35.2,286,0
333.79,126.0,46.1,5.8,0.49,2,0,10,0,0,0,0,20.2,1180,0
441.44,485.3,37.9,15.6,1.68,2,0,10,0,0,0,0,40.5,870,0
407.99,291.4,36.6,24.5,1.42,5,0,18,0,0,0,1,16.2,766,0
344.14,69.4,35.5,23.4,0.97,5,0,14,0,0,0,1,43.2,1089,0
59.66,4.9,10.1,23.8,1.29,4,0,18,0,0,0,0,5.2,1157,0
148.15,54.0,10.6,21.4,1.64,4,0,18,0,0,0,1,35.2,637,0
158.35,210.1,34.4,8.0,0.42,4,0,14,0,1,1,0,27.1,1035,0
128.73,145.1,11.1,25.9,0.6,5,0,13,0,1,0,0,21.7,470,0
259.93,73.8,22.0,26.9,1.07,4,0,13,0,0,0,1,33.4,185,0
270.1,6.8,39.1,6.2,1.48,1,0,21,0,0,0,0,40.5,259,0
181.66,66.8,39.2,4.3,0.26,3,0,17,0,0,0,0,58.1,524,0
180.13,76.0,22.7,29.3,1.77,2,0,7,0,0,0,0,50.8,1229,0
415.14,316.7,39.6,26.1,0.93,2,0,19,0,0,0,0,44.4,374,0
395.7,123.0,41.9,26.9,0.77,1,0,8,0,0,0,0,31.3,1412,0
157.36,44.8,32.8,26.6,0.67,4,0,19,0,0,0,0,26.6,357,0
457.33,89.4,11.5,16.5,0.48,5,0,21,0,0,0,0,6.8,1062,0
476.64,8.2,13.8,19.6,1.47,4,0,13,1,0,0,0,24.8,1343,0
166.74,431.5,15.8,16.6,1.73,4,0,18,0,0,1,0,51.7,1073,0
180.44,53.6,5.9,2.0,0.86,2,0,10,0,0,0,0,26.1,626,0
255.29,78.0,13.7,22.5,1.72,2,0,12,0,0,0,1,30.4,632,0
470.85,52.7,10.6,15.4,1.52,5,0,19,0,1,0,0,20.0,1182,0
438.78,137.7,22.8,19.6,0.97,2,0,13,0,1,0,1,20.1,1483,0
55.77,130.2,45.4,15.3,1.28,4,1,11,1,0,0,1,8.4,212,0
199.4,150.8,5.3,15.0,0.9,1,1,20,0,0,0,0,38.8,1399,0
278.92,37.5,36.0,5.6,1.09,5,0,10,0,0,0,0,29.6,356,0
254.05,45.5,34.4,8.7,0.29,1,0,13,0,0,0,0,38.3,428,0
100.96,16.1,4.9,5.2,1.31,4,0,6,0,0,0,0,35.1,876,0
430.11,127.9,46.1,6.3,0.28,5,0,21,0,0,0,0,48.9,1358,0
340.09,4.9,28.5,29.2,1.51,1,0,6,0,0,0,0,46.3,150,0
419.76,109.3,18.2,5.0,1.52,5,1,6,0,0,0,0,47.4,320,0
430.09,244.5,37.9,8.4,0.58,4,1,8,1,0,0,1,32.5,882,0
375.44,265.8,12.9,17.9,0.72,5,1,15,1,0,0,1,24.5,695,0
222.41,71.5,34.7,18.5,0.97,4,0,18,0,0,0,0,56.3,1353,0
307.22,73.8,2.1,5.0,1.15,5,0,17,0,0,0,0,8.0,321,0
84.38,9.6,42.0,23.9,0.66,5,0,11,0,0,0,0,13.4,1042,0
338.45,133.3,22.5,23.7,1.15,2,0,11,0,0,0,0,28.1,1177,0
93.73,206.6,31.9,7.5,0.68,4,0,10,0,0,0,1,38.8,1396,0
348.51,33.7,11.1,9.0,0.29,3,0,18,0,1,1,1,5.5,297,0
118.65,65.6,33.9,28.2,0.2,5,0,18,0,0,0,0,44.6,227,0
63.19,219.0,38.6,24.9,0.36,1,0,19,0,0,0,0,35.7,1132,0
86.82,251.6,23.7,21.1,1.47,2,0,12,0,0,0,0,31.7,1086,0
5.99,33.4,30.9,2.9,1.74,2,0,10,0,0,0,1,28.3,326,0
360.78,96.0,22.9,12.8,0.88,5,0,19,0,0,0,0,33.6,657,0
367.54,25.7,44.7,17.0,1.02,3,0,7,0,0,1,0,13.9,1257,0
2901.16,0.2,878.7,165.1,10.07,16,4,2,1,0,1,1,98.1,2,1
84.87,290.5,42.1,13.7,1.08,4,0,6,0,0,0,1,20.9,314,0
46.36,206.1,40.1,18.2,0.43,5,0,12,1,0,0,1,44.0,1235,0
14.47,171.3,20.6,10.2,1.18,5,0,9,0,0,0,0,37.4,954,0
87.05,6.0,11.6,23.5,1.69,3,0,18,0,0,0,0,31.4,1280,0
445.97,222.7,20.4,25.3,0.51,4,0,9,0,0,0,0,36.4,524,0
124.56,69.2,41.3,10.0,1.42,4,0,18,0,0,0,1,35.8,417,0
180.36,50.3,11.5,25.2,0.24,3,1,9,0,0,0,1,21.9,459,0
57.15,94.9,26.3,3.6,0.8,1,0,8,0,0,0,1,10.4,1499,0
115.07,11.5,40.3,25.2,0.38,4,0,13,0,0,0,0,54.3,1035,0
262.02,169.6,17.7,5.0,0.76,1,0,9,0,0,0,1,38.0,1057,0
305.84,104.8,32.1,2.9,0.48,1,0,13,0,0,1,0,43.4,1019,0
126.45,24.8,12.4,19.4,0.8,5,0,14,0,0,0,0,30.5,1001,0
33.58,25.0,5.6,14.4,0.87,5,1,6,0,0,0,0,46.6,1419,0
198.56,24.4,39.7,27.3,0.68,2,0,20,0,0,0,0,37.1,297,0
120.93,7.0,5.0,11.2,1.25,5,1,9,0,0,0,0,8.0,497,0
113.68,106.3,13.6,9.0,1.67,4,0,11,0,0,0,1,54.0,689,0
708.37,3.1,1042.9,170.4,10.86,15,3,1,1,1,0,1,80.6,52,1
310.07,2.1,17.4,14.0,0.51,1,0,19,0,0,0,0,12.6,528,0
280.65,6.0,48.7,10.7,0.63,4,0,11,0,0,0,0,9.8,710,0
210.81,102.1,49.0,21.0,1.57,5,0,17,0,0,0,0,44.6,105,0
217.33,205.4,13.5,22.9,1.11,5,0,11,0,1,0,0,43.7,1441,0
272.75,47.5,2.1,25.7,0.93,5,0,15,0,0,0,0,43.5,1335,0
349.73,51.6,35.3,29.2,0.44,3,0,9,0,0,0,1,55.4,1396,0
352.56,108.9,22.6,8.4,0.92,4,0,14,0,0,0,0,24.2,1207,0
89.99,38.5,5.1,21.6,0.65,2,0,21,0,0,0,1,35.9,809,0
252.56,3.2,35.4,12.1,1.71,4,0,12,0,0,1,1,39.1,459,0
208.92,159.5,1.7,20.5,1.61,4,0,19,0,0,0,0,58.9,1264,0
435.91,117.9,43.5,14.5,0.33,3,0,16,0,0,0,0,22.2,1296,0
317.55,104.3,7.0,29.8,1.03,4,0,11,0,0,0,1,57.6,1143,0
268.59,162.4,6.5,22.0,0.56,1,0,6,0,0,0,0,13.2,602,0
62.12,135.0,8.9,28.6,0.86,5,0,7,0,0,0,1,47.0,326,0
304.79,27.7,48.0,25.1,1.6,5,0,17,0,0,0,1,39.8,208,0
63.02,52.2,34.7,27.1,1.04,3,1,11,0,0,0,0,49.9,842,0
171.92,16.2,40.1,24.5,0.73,5,0,16,0,0,0,1,6.6,1443,0
75.71,16.7,19.9,14.0,0.53,1,0,21,0,1,1,0,9.3,1431,0
347.58,135.3,16.9,7.9,1.48,3,0,20,0,0,0,1,8.8,910,0
107.09,234.7,11.8,11.4,1.2,2,0,6,0,0,0,0,37.6,1210,0
198.97,394.8,24.1,1.1,0.95,5,0,20,0,0,0,1,38.2,885,0
448.36,118.8,27.6,16.0,0.55,4,0,20,0,0,0,0,54.8,327,0
106.14,24.4,31.6,15.4,0.73,1,0,16,0,0,0,1,30.7,951,0
256.36,13.4,12.9,16.0,1.74,1,0,21,0,0,0,0,8.7,1433,0
212.54,201.1,47.4,29.2,1.03,5,0,10,0,0,0,0,16.5,927,0
13.97,103.7,8.6,27.4,0.84,2,0,6,0,0,0,0,5.4,478,0
397.42,115.6,48.3,5.3,1.03,4,0,18,0,0,0,1,47.7,484,0
39.18,182.5,0.8,11.4,1.45,2,0,8,0,0,0,0,49.9,212,0
239.76,145.8,24.1,13.0,0.74,2,0,17,0,0,0,0,59.9,1416,0
282.54,215.8,16.7,11.1,0.49,5,0,17,0,0,0,1,27.7,1428,0
316.07,6.9,22.5,24.1,1.14,4,0,17,0,0,0,1,6.1,390,0
